DATETIMEDATA,PM25,WS,TEMP,RH,WD
2023-12-01 00:00:00,9.1,1,26,93,111
2023-12-01 01:00:00,9.8,1,25,96,117
2023-12-01 02:00:00,12.4,1,25,97,114
2023-12-01 03:00:00,11.6,0,25,96,107
2023-12-01 04:00:00,9.6,0,25,99,116
2023-12-01 05:00:00,10.8,0,25,99,109
2023-12-01 06:00:00,10.8,0,25,99,104
2023-12-01 07:00:00,11.0,0,25,99,106
2023-12-01 08:00:00,15.4,0,26,93,112
2023-12-01 09:00:00,15.0,1,28,82,158
2023-12-01 10:00:00,10.5,1,28,82,135
2023-12-01 11:00:00,8.9,1,28,81,127
2023-12-01 12:00:00,6.6,1,28,81,150
2023-12-01 13:00:00,6.2,1,29,74,205
2023-12-01 14:00:00,10.7,1,29,76,146
2023-12-01 15:00:00,12.2,1,29,76,130
2023-12-01 16:00:00,13.7,1,29,77,165
2023-12-01 17:00:00,10.9,1,29,76,187
2023-12-01 18:00:00,12.0,1,28,77,163
2023-12-01 19:00:00,13.2,1,28,79,169
2023-12-01 20:00:00,16.6,1,28,80,153
2023-12-01 21:00:00,13.8,1,27,81,139
2023-12-01 22:00:00,15.0,1,28,82,123
2023-12-01 23:00:00,10.9,2,25,91,66
2023-12-02 00:00:00,7.1,1,24,89,88
2023-12-02 01:00:00,5.3,0,24,94,110
2023-12-02 02:00:00,9.4,0,24,97,109
2023-12-02 03:00:00,7.5,0,24,98,108
2023-12-02 04:00:00,6.2,0,24,98,110
2023-12-02 05:00:00,7.4,0,23,98,111
2023-12-02 06:00:00,10.7,0,24,98,113
2023-12-02 07:00:00,8.4,0,24,96,110
2023-12-02 08:00:00,13.7,0,25,93,111
2023-12-02 09:00:00,16.9,1,27,85,117
2023-12-02 10:00:00,13.8,0,28,78,100
2023-12-02 11:00:00,11.9,1,28,78,81
2023-12-02 12:00:00,11.8,1,27,82,123
2023-12-02 13:00:00,9.7,1,28,79,118
2023-12-02 14:00:00,11.5,2,27,88,135
2023-12-02 15:00:00,14.2,0,25,90,135
2023-12-02 16:00:00,13.3,1,26,89,182
2023-12-02 17:00:00,14.2,0,25,95,129
2023-12-02 18:00:00,11.4,0,24,96,107
2023-12-02 19:00:00,12.7,0,24,97,103
2023-12-02 20:00:00,17.3,0,25,96,108
2023-12-02 21:00:00,14.1,0,25,93,94
2023-12-02 22:00:00,10.3,0,25,96,99
2023-12-02 23:00:00,14.7,0,25,93,97
2023-12-03 00:00:00,13.8,0,25,95,113
2023-12-03 01:00:00,15.5,0,25,98,101
2023-12-03 02:00:00,13.0,0,25,98,97
2023-12-03 03:00:00,11.6,0,25,98,102
2023-12-03 04:00:00,12.4,0,24,99,110
2023-12-03 05:00:00,14.9,0,24,99,113
2023-12-03 06:00:00,12.0,0,24,99,106
2023-12-03 07:00:00,9.4,0,25,99,107
2023-12-03 08:00:00,12.6,0,26,93,115
2023-12-03 09:00:00,10.5,0,28,82,109
2023-12-03 10:00:00,9.6,1,30,70,128
2023-12-03 11:00:00,8.6,1,30,71,134
2023-12-03 12:00:00,5.6,1,31,65,135
2023-12-03 13:00:00,8.5,1,30,74,138
2023-12-03 14:00:00,7.5,1,29,79,151
2023-12-03 15:00:00,5.3,1,29,72,167
2023-12-03 16:00:00,6.6,1,28,73,125
2023-12-03 17:00:00,6.9,1,28,75,129
2023-12-03 18:00:00,8.1,1,27,81,116
2023-12-03 19:00:00,9.3,1,27,81,108
2023-12-03 20:00:00,7.0,0,27,84,96
2023-12-03 21:00:00,9.2,0,27,85,96
2023-12-03 22:00:00,9.8,0,27,85,101
2023-12-03 23:00:00,7.3,0,26,92,107
2023-12-04 00:00:00,12.1,1,25,95,114
2023-12-04 01:00:00,10.6,0,25,95,106
2023-12-04 02:00:00,7.4,0,25,97,106
2023-12-04 03:00:00,6.5,0,25,98,108
2023-12-04 04:00:00,4.6,0,25,98,112
2023-12-04 05:00:00,8.5,0,25,99,107
2023-12-04 06:00:00,10.1,0,24,99,109
2023-12-04 07:00:00,12.9,0,25,97,111
2023-12-04 08:00:00,13.5,1,28,82,113
2023-12-04 09:00:00,11.3,1,30,70,122
2023-12-04 10:00:00,9.6,1,31,61,130
2023-12-04 11:00:00,7.3,1,32,58,143
2023-12-04 12:00:00,6.5,1,33,57,146
2023-12-04 13:00:00,7.2,1,33,57,150
2023-12-04 14:00:00,5.5,1,32,61,166
2023-12-04 15:00:00,4.5,2,31,67,218
2023-12-04 16:00:00,6.8,1,29,74,147
2023-12-04 17:00:00,8.8,1,29,77,150
2023-12-04 18:00:00,7.9,1,28,79,117
2023-12-04 19:00:00,10.7,1,28,79,107
2023-12-04 20:00:00,10.1,1,28,81,118
2023-12-04 21:00:00,9.9,1,28,82,109
2023-12-04 22:00:00,8.9,1,28,81,95
2023-12-04 23:00:00,9.3,1,28,82,98
2023-12-05 00:00:00,8.1,1,27,83,87
2023-12-05 01:00:00,8.8,1,27,82,99
2023-12-05 02:00:00,8.6,0,27,83,108
2023-12-05 03:00:00,6.7,0,27,84,114
2023-12-05 04:00:00,6.4,1,27,86,112
2023-12-05 05:00:00,9.0,0,27,87,108
2023-12-05 06:00:00,8.4,0,27,89,111
2023-12-05 07:00:00,10.0,1,28,82,114
2023-12-05 08:00:00,7.5,1,29,75,100
2023-12-05 09:00:00,12.4,1,30,72,107
2023-12-05 10:00:00,11.4,1,31,65,131
2023-12-05 11:00:00,9.7,1,32,59,125
2023-12-05 12:00:00,8.6,1,32,58,170
2023-12-05 13:00:00,10.4,1,32,59,197
2023-12-05 14:00:00,9.1,1,31,61,151
2023-12-05 15:00:00,5.4,1,31,65,143
2023-12-05 16:00:00,10.2,1,30,69,141
2023-12-05 17:00:00,10.6,1,29,74,125
2023-12-05 18:00:00,10.8,1,28,79,110
2023-12-05 19:00:00,16.7,0,28,81,108
2023-12-05 20:00:00,19.2,0,28,83,109
2023-12-05 21:00:00,20.1,1,27,87,107
2023-12-05 22:00:00,20.4,1,27,92,106
2023-12-05 23:00:00,13.8,0,26,97,106
2023-12-06 00:00:00,13.3,0,26,97,112
2023-12-06 01:00:00,12.3,0,26,96,112
2023-12-06 02:00:00,13.9,0,26,97,111
2023-12-06 03:00:00,11.2,0,26,96,111
2023-12-06 04:00:00,10.4,0,25,96,107
2023-12-06 05:00:00,12.9,0,25,97,108
2023-12-06 06:00:00,14.4,0,25,98,103
2023-12-06 07:00:00,18.5,0,26,96,111
2023-12-06 08:00:00,19.2,1,28,82,116
2023-12-06 09:00:00,11.3,1,30,72,127
2023-12-06 10:00:00,9.6,1,31,60,129
2023-12-06 11:00:00,16.0,1,32,58,166
2023-12-06 12:00:00,8.4,1,32,59,139
2023-12-06 13:00:00,7.4,1,32,55,131
2023-12-06 14:00:00,7.4,1,33,53,143
2023-12-06 15:00:00,8.1,1,32,55,154
2023-12-06 16:00:00,9.8,1,31,59,145
2023-12-06 17:00:00,12.0,1,30,66,144
2023-12-06 18:00:00,14.2,1,29,73,145
2023-12-06 19:00:00,12.8,1,28,75,146
2023-12-06 20:00:00,13.5,1,28,75,128
2023-12-06 21:00:00,14.7,1,28,80,114
2023-12-06 22:00:00,19.1,1,27,82,113
2023-12-06 23:00:00,18.7,0,27,84,108
2023-12-07 00:00:00,13.5,0,27,86,111
2023-12-07 01:00:00,15.7,1,26,89,109
2023-12-07 02:00:00,16.9,0,26,92,109
2023-12-07 03:00:00,14.1,0,26,91,121
2023-12-07 04:00:00,12.6,1,26,86,114
2023-12-07 05:00:00,10.2,0,26,89,106
2023-12-07 06:00:00,9.3,0,26,87,105
2023-12-07 07:00:00,9.1,0,26,87,109
2023-12-07 08:00:00,10.3,1,28,82,106
2023-12-07 09:00:00,15.6,1,29,76,98
2023-12-07 10:00:00,13.8,1,27,85,147
2023-12-07 11:00:00,11.6,1,25,99,87
2023-12-07 12:00:00,9.7,1,26,94,111
2023-12-07 13:00:00,9.3,1,28,81,117
2023-12-07 14:00:00,11.1,1,28,82,121
2023-12-07 15:00:00,11.4,1,28,79,123
2023-12-07 16:00:00,9.7,1,28,78,117
2023-12-07 17:00:00,14.6,1,27,82,119
2023-12-07 18:00:00,10.0,0,27,84,112
2023-12-07 19:00:00,8.5,1,26,88,111
2023-12-07 20:00:00,13.5,0,26,90,109
2023-12-07 21:00:00,12.6,1,27,81,115
2023-12-07 22:00:00,8.4,0,26,83,105
2023-12-07 23:00:00,7.4,1,27,80,97
2023-12-08 00:00:00,9.9,1,26,81,93
2023-12-08 01:00:00,14.9,0,26,83,96
2023-12-08 02:00:00,10.0,0,26,89,100
2023-12-08 03:00:00,9.1,0,25,92,93
2023-12-08 04:00:00,13.8,0,25,93,102
2023-12-08 05:00:00,12.6,0,25,95,106
2023-12-08 06:00:00,16.3,0,25,96,106
2023-12-08 07:00:00,18.9,0,26,92,109
2023-12-08 08:00:00,18.2,1,29,73,128
2023-12-08 09:00:00,10.1,1,30,65,109
2023-12-08 10:00:00,8.5,0,31,59,167
2023-12-08 11:00:00,10.3,0,32,56,189
2023-12-08 12:00:00,13.4,1,32,55,186
2023-12-08 13:00:00,11.1,1,32,56,182
2023-12-08 14:00:00,9.4,1,32,56,153
2023-12-08 15:00:00,10.5,1,32,57,158
2023-12-08 16:00:00,12.0,1,31,60,138
2023-12-08 17:00:00,12.5,1,30,66,125
2023-12-08 18:00:00,11.8,1,29,71,128
2023-12-08 19:00:00,13.7,1,29,73,117
2023-12-08 20:00:00,16.2,1,28,74,119
2023-12-08 21:00:00,11.0,1,28,75,107
2023-12-08 22:00:00,11.5,1,28,76,102
2023-12-08 23:00:00,14.2,1,28,78,103
2023-12-09 00:00:00,18.5,1,28,79,105
2023-12-09 01:00:00,13.9,1,28,80,109
2023-12-09 02:00:00,11.1,1,27,80,109
2023-12-09 03:00:00,9.9,1,27,82,108
2023-12-09 04:00:00,10.8,1,27,83,109
2023-12-09 05:00:00,11.8,1,27,82,109
2023-12-09 06:00:00,13.0,0,27,84,103
2023-12-09 07:00:00,15.8,1,28,81,96
2023-12-09 08:00:00,13.9,1,29,72,116
2023-12-09 09:00:00,11.6,1,30,68,123
2023-12-09 10:00:00,14.1,1,31,61,141
2023-12-09 11:00:00,13.8,1,32,55,130
2023-12-09 12:00:00,12.9,0,33,54,150
2023-12-09 13:00:00,14.1,1,33,49,159
2023-12-09 14:00:00,11.1,1,33,50,129
2023-12-09 15:00:00,10.6,1,33,51,131
2023-12-09 16:00:00,12.0,1,32,50,124
2023-12-09 17:00:00,13.4,1,30,57,139
2023-12-09 18:00:00,16.7,1,29,64,159
2023-12-09 19:00:00,13.2,1,29,67,161
2023-12-09 20:00:00,12.1,1,28,72,128
2023-12-09 21:00:00,13.8,1,28,74,112
2023-12-09 22:00:00,16.9,1,28,76,108
2023-12-09 23:00:00,20.5,0,27,79,105
2023-12-10 00:00:00,24.8,0,27,81,105
2023-12-10 01:00:00,24.1,1,27,81,96
2023-12-10 02:00:00,20.2,1,27,82,97
2023-12-10 03:00:00,18.3,1,27,82,105
2023-12-10 04:00:00,15.1,1,26,87,108
2023-12-10 05:00:00,15.8,1,26,91,113
2023-12-10 06:00:00,17.6,0,26,93,109
2023-12-10 07:00:00,14.9,1,27,90,110
2023-12-10 08:00:00,14.5,1,27,85,110
2023-12-10 09:00:00,15.7,1,29,77,100
2023-12-10 10:00:00,15.8,1,30,71,113
2023-12-10 11:00:00,15.3,2,31,63,128
2023-12-10 12:00:00,12.2,1,32,57,137
2023-12-10 13:00:00,12.8,1,33,53,140
2023-12-10 14:00:00,11.1,1,33,53,137
2023-12-10 15:00:00,15.1,1,32,56,144
2023-12-10 16:00:00,14.1,1,31,61,180
2023-12-10 17:00:00,11.9,1,30,67,144
2023-12-10 18:00:00,14.2,1,29,73,113
2023-12-10 19:00:00,15.9,1,28,77,115
2023-12-10 20:00:00,17.4,1,28,79,110
2023-12-10 21:00:00,20.8,1,28,82,108
2023-12-10 22:00:00,21.1,0,27,84,108
2023-12-10 23:00:00,22.5,0,27,86,109
2023-12-11 00:00:00,25.8,0,27,88,106
2023-12-11 01:00:00,20.9,0,27,89,106
2023-12-11 02:00:00,21.2,0,26,90,100
2023-12-11 03:00:00,22.9,0,26,90,101
2023-12-11 04:00:00,18.7,0,26,91,107
2023-12-11 05:00:00,20.9,0,26,92,108
2023-12-11 06:00:00,21.1,0,26,92,108
2023-12-11 07:00:00,23.3,0,27,89,107
2023-12-11 08:00:00,24.6,1,29,77,111
2023-12-11 09:00:00,23.6,1,30,69,134
2023-12-11 10:00:00,18.4,1,30,68,133
2023-12-11 11:00:00,17.1,1,30,66,153
2023-12-11 12:00:00,18.6,2,29,74,133
2023-12-11 13:00:00,15.3,1,31,63,184
2023-12-11 14:00:00,13.9,1,32,59,165
2023-12-11 15:00:00,12.6,1,31,60,201
2023-12-11 16:00:00,14.1,1,31,65,135
2023-12-11 17:00:00,15.4,2,29,71,126
2023-12-11 18:00:00,15.5,1,28,84,120
2023-12-11 19:00:00,21.4,1,27,91,110
2023-12-11 20:00:00,20.5,1,27,90,111
2023-12-11 21:00:00,23.9,1,27,89,115
2023-12-11 22:00:00,25.9,1,28,81,134
2023-12-11 23:00:00,24.8,1,28,78,165
2023-12-12 00:00:00,24.1,1,28,74,147
2023-12-12 01:00:00,18.4,1,28,75,185
2023-12-12 02:00:00,15.8,1,28,75,200
2023-12-12 03:00:00,15.1,1,27,74,135
2023-12-12 04:00:00,19.0,1,27,74,144
2023-12-12 05:00:00,18.2,1,27,74,187
2023-12-12 06:00:00,18.3,1,27,74,152
2023-12-12 07:00:00,16.6,1,28,73,137
2023-12-12 08:00:00,12.2,1,30,68,124
2023-12-12 09:00:00,17.0,1,30,65,145
2023-12-12 10:00:00,15.6,1,31,61,213
2023-12-12 11:00:00,16.9,1,32,56,202
2023-12-12 12:00:00,14.8,1,32,54,228
2023-12-12 13:00:00,14.5,2,32,54,237
2023-12-12 14:00:00,13.8,2,31,56,237
2023-12-12 15:00:00,11.9,2,31,56,236
2023-12-12 16:00:00,16.1,1,30,62,223
2023-12-12 17:00:00,13.9,1,29,69,197
2023-12-12 18:00:00,14.1,1,28,72,152
2023-12-12 19:00:00,16.3,1,28,72,155
2023-12-12 20:00:00,19.1,1,28,72,189
2023-12-12 21:00:00,20.4,1,28,72,143
2023-12-12 22:00:00,18.1,1,28,73,128
2023-12-12 23:00:00,17.5,0,27,78,104
2023-12-13 00:00:00,24.3,0,27,79,105
2023-12-13 01:00:00,19.2,0,27,82,106
2023-12-13 02:00:00,19.0,0,26,86,108
2023-12-13 03:00:00,19.2,0,26,89,107
2023-12-13 04:00:00,22.7,0,26,90,105
2023-12-13 05:00:00,23.5,0,26,90,105
2023-12-13 06:00:00,23.5,1,26,89,89
2023-12-13 07:00:00,24.3,0,26,90,106
2023-12-13 08:00:00,25.0,1,29,77,112
2023-12-13 09:00:00,20.3,1,28,82,135
2023-12-13 10:00:00,18.4,1,27,88,109
2023-12-13 11:00:00,18.2,1,28,83,116
2023-12-13 12:00:00,17.4,1,28,82,111
2023-12-13 13:00:00,17.5,1,28,81,160
2023-12-13 14:00:00,15.4,1,28,78,139
2023-12-13 15:00:00,16.9,1,27,83,175
2023-12-13 16:00:00,17.3,1,26,89,139
2023-12-13 17:00:00,16.1,1,27,88,106
2023-12-13 18:00:00,12.9,1,27,88,131
2023-12-13 19:00:00,13.3,1,27,82,129
2023-12-13 20:00:00,14.5,1,28,77,230
2023-12-13 21:00:00,14.7,1,28,79,159
2023-12-13 22:00:00,14.5,0,26,87,183
2023-12-13 23:00:00,12.6,1,25,92,98
2023-12-14 00:00:00,13.5,1,25,92,101
2023-12-14 01:00:00,23.2,1,25,95,109
2023-12-14 02:00:00,15.8,1,26,85,165
2023-12-14 03:00:00,10.5,1,28,77,190
2023-12-14 04:00:00,13.2,1,28,77,164
2023-12-14 05:00:00,13.7,1,28,77,158
2023-12-14 06:00:00,11.1,1,28,77,185
2023-12-14 07:00:00,12.0,1,28,81,136
2023-12-14 08:00:00,13.2,1,27,87,128
2023-12-14 09:00:00,11.1,1,28,81,186
2023-12-14 10:00:00,11.8,1,30,73,170
2023-12-14 11:00:00,9.0,1,30,67,202
2023-12-14 12:00:00,8.9,1,30,67,164
2023-12-14 13:00:00,11.5,1,30,70,147
2023-12-14 14:00:00,10.6,1,29,72,173
2023-12-14 15:00:00,16.1,1,28,79,158
2023-12-14 16:00:00,15.9,1,27,88,178
2023-12-14 17:00:00,17.4,1,27,86,146
2023-12-14 18:00:00,18.9,1,27,85,154
2023-12-14 19:00:00,15.4,1,27,88,183
2023-12-14 20:00:00,14.5,1,27,86,158
2023-12-14 21:00:00,14.3,1,27,87,128
2023-12-14 22:00:00,16.4,1,27,86,158
2023-12-14 23:00:00,17.7,1,27,85,149
2023-12-15 00:00:00,13.4,1,27,86,131
2023-12-15 01:00:00,10.7,1,27,88,145
2023-12-15 02:00:00,11.4,1,27,86,140
2023-12-15 03:00:00,12.2,1,27,88,142
2023-12-15 04:00:00,12.1,1,26,91,144
2023-12-15 05:00:00,10.8,0,25,98,141
2023-12-15 06:00:00,11.2,1,26,91,178
2023-12-15 07:00:00,10.0,1,25,98,96
2023-12-15 08:00:00,12.0,1,26,96,110
2023-12-15 09:00:00,11.1,1,28,83,162
2023-12-15 10:00:00,12.7,1,28,83,215
2023-12-15 11:00:00,16.5,1,26,93,218
2023-12-15 12:00:00,14.6,1,26,93,139
2023-12-15 13:00:00,13.8,1,27,85,145
2023-12-15 14:00:00,12.9,1,28,81,135
2023-12-15 15:00:00,14.3,1,28,79,133
2023-12-15 16:00:00,12.1,1,28,82,108
2023-12-15 17:00:00,13.3,1,28,83,134
2023-12-15 18:00:00,11.7,1,27,92,116
2023-12-15 19:00:00,15.8,0,26,91,109
2023-12-15 20:00:00,18.2,0,26,92,107
2023-12-15 21:00:00,22.7,0,26,94,113
2023-12-15 22:00:00,18.1,1,27,85,139
2023-12-15 23:00:00,15.9,1,27,82,131
2023-12-16 00:00:00,17.6,1,27,81,131
2023-12-16 01:00:00,12.5,1,27,83,122
2023-12-16 02:00:00,15.2,1,27,83,138
2023-12-16 03:00:00,12.2,1,27,81,153
2023-12-16 04:00:00,13.0,1,27,79,153
2023-12-16 05:00:00,12.1,1,27,78,175
2023-12-16 06:00:00,13.7,1,27,77,169
2023-12-16 07:00:00,12.6,1,28,76,130
2023-12-16 08:00:00,11.4,1,29,72,121
2023-12-16 09:00:00,11.0,1,29,70,128
2023-12-16 10:00:00,13.7,1,30,65,147
2023-12-16 11:00:00,12.8,1,31,62,151
2023-12-16 12:00:00,14.0,1,31,59,179
2023-12-16 13:00:00,14.4,1,31,57,178
2023-12-16 14:00:00,13.0,1,31,57,173
2023-12-16 15:00:00,12.8,1,31,58,204
2023-12-16 16:00:00,13.6,1,30,62,219
2023-12-16 17:00:00,15.6,1,29,68,184
2023-12-16 18:00:00,16.5,1,28,74,155
2023-12-16 19:00:00,17.7,1,28,75,174
2023-12-16 20:00:00,15.6,1,28,75,169
2023-12-16 21:00:00,14.7,1,28,75,191
2023-12-16 22:00:00,16.3,1,28,75,140
2023-12-16 23:00:00,15.1,1,28,76,160
2023-12-17 00:00:00,14.1,1,27,79,124
2023-12-17 01:00:00,14.3,1,27,80,118
2023-12-17 02:00:00,12.6,1,27,81,113
2023-12-17 03:00:00,11.7,1,27,82,118
2023-12-17 04:00:00,12.7,1,27,82,112
2023-12-17 05:00:00,15.4,1,27,83,111
2023-12-17 06:00:00,14.1,1,27,85,108
2023-12-17 07:00:00,13.8,1,27,86,110
2023-12-17 08:00:00,15.7,1,29,77,120
2023-12-17 09:00:00,14.2,1,30,67,160
2023-12-17 10:00:00,16.1,1,32,61,135
2023-12-17 11:00:00,14.1,1,31,61,168
2023-12-17 12:00:00,13.2,1,32,55,185
2023-12-17 13:00:00,12.4,1,32,56,186
2023-12-17 14:00:00,10.4,1,32,58,193
2023-12-17 15:00:00,14.3,1,31,61,185
2023-12-17 16:00:00,15.8,1,31,64,205
2023-12-17 17:00:00,11.8,1,29,69,169
2023-12-17 18:00:00,10.7,1,29,71,134
2023-12-17 19:00:00,11.6,1,28,73,146
2023-12-17 20:00:00,13.5,1,28,73,145
2023-12-17 21:00:00,13.3,1,28,74,137
2023-12-17 22:00:00,14.0,1,28,77,137
2023-12-17 23:00:00,13.1,1,27,85,125
2023-12-18 00:00:00,16.1,1,27,83,121
2023-12-18 01:00:00,11.2,1,27,83,117
2023-12-18 02:00:00,9.7,1,27,81,112
2023-12-18 03:00:00,10.1,1,27,82,120
2023-12-18 04:00:00,12.5,1,27,81,119
2023-12-18 05:00:00,13.7,1,27,85,125
2023-12-18 06:00:00,14.2,1,27,85,140
2023-12-18 07:00:00,15.2,1,28,80,125
2023-12-18 08:00:00,12.4,1,29,72,128
2023-12-18 09:00:00,11.1,1,30,65,148
2023-12-18 10:00:00,14.4,1,31,60,153
2023-12-18 11:00:00,12.1,1,32,58,196
2023-12-18 12:00:00,11.1,0,32,55,158
2023-12-18 13:00:00,10.1,1,32,57,164
2023-12-18 14:00:00,11.8,1,31,59,162
2023-12-18 15:00:00,16.6,1,31,60,153
2023-12-18 16:00:00,18.4,1,30,64,187
2023-12-18 17:00:00,14.2,1,29,69,145
2023-12-18 18:00:00,16.1,1,29,72,167
2023-12-18 19:00:00,13.4,1,28,74,172
2023-12-18 20:00:00,15.3,1,28,74,140
2023-12-18 21:00:00,14.5,1,28,75,135
2023-12-18 22:00:00,15.5,1,28,75,141
2023-12-18 23:00:00,14.7,1,28,76,130
2023-12-19 00:00:00,12.9,1,28,78,112
2023-12-19 01:00:00,13.2,1,27,81,107
2023-12-19 02:00:00,16.4,1,26,86,102
2023-12-19 03:00:00,19.1,0,26,90,106
2023-12-19 04:00:00,18.6,1,26,89,114
2023-12-19 05:00:00,13.2,1,26,88,125
2023-12-19 06:00:00,14.9,1,26,92,109
2023-12-19 07:00:00,11.5,1,26,90,111
2023-12-19 08:00:00,16.8,1,28,77,153
2023-12-19 09:00:00,9.4,1,30,72,171
2023-12-19 10:00:00,18.4,1,31,67,205
2023-12-19 11:00:00,13.0,1,32,60,240
2023-12-19 12:00:00,15.7,1,32,58,174
2023-12-19 13:00:00,14.8,1,32,59,195
2023-12-19 14:00:00,16.0,1,31,62,155
2023-12-19 15:00:00,15.0,2,29,72,150
2023-12-19 16:00:00,13.6,2,28,79,130
2023-12-19 17:00:00,14.5,2,28,81,123
2023-12-19 18:00:00,17.8,1,27,84,111
2023-12-19 19:00:00,16.5,2,27,84,119
2023-12-19 20:00:00,14.3,1,26,90,116
2023-12-19 21:00:00,14.3,1,26,91,114
2023-12-19 22:00:00,12.5,1,26,93,108
2023-12-19 23:00:00,13.7,0,26,94,97
2023-12-20 00:00:00,13.0,1,26,94,96
2023-12-20 01:00:00,11.8,1,26,95,105
2023-12-20 02:00:00,12.5,0,25,96,107
2023-12-20 03:00:00,14.3,1,25,96,107
2023-12-20 04:00:00,20.7,1,25,97,109
2023-12-20 05:00:00,16.9,0,25,97,109
2023-12-20 06:00:00,16.5,0,25,97,106
2023-12-20 07:00:00,13.6,0,25,96,106
2023-12-20 08:00:00,15.2,1,26,93,108
2023-12-20 09:00:00,19.3,1,26,95,104
2023-12-20 10:00:00,23.2,1,26,97,109
2023-12-20 11:00:00,15.1,2,27,91,116
2023-12-20 12:00:00,12.9,2,28,85,117
2023-12-20 13:00:00,12.8,2,29,77,124
2023-12-20 14:00:00,10.4,1,30,68,153
2023-12-20 15:00:00,14.6,1,27,83,195
2023-12-20 16:00:00,12.4,1,27,87,114
2023-12-20 17:00:00,17.0,2,27,85,116
2023-12-20 18:00:00,14.6,1,27,89,116
2023-12-20 19:00:00,11.9,1,26,92,111
2023-12-20 20:00:00,12.5,1,26,94,108
2023-12-20 21:00:00,19.0,1,25,95,108
2023-12-20 22:00:00,18.0,0,25,96,106
2023-12-20 23:00:00,19.7,0,25,96,107
2023-12-21 00:00:00,25.1,0,25,97,108
2023-12-21 01:00:00,15.4,0,25,97,110
2023-12-21 02:00:00,12.1,0,25,97,110
2023-12-21 03:00:00,12.5,0,25,96,111
2023-12-21 04:00:00,14.7,0,25,94,101
2023-12-21 05:00:00,14.7,0,25,92,111
2023-12-21 06:00:00,15.5,0,25,94,108
2023-12-21 07:00:00,16.5,1,26,93,114
2023-12-21 08:00:00,18.7,2,28,83,114
2023-12-21 09:00:00,16.0,2,29,80,120
2023-12-21 10:00:00,18.1,1,27,88,136
2023-12-21 11:00:00,19.1,1,25,95,125
2023-12-21 12:00:00,14.7,1,27,85,114
2023-12-21 13:00:00,13.8,1,29,80,116
2023-12-21 14:00:00,11.1,1,30,71,136
2023-12-21 15:00:00,12.9,2,31,65,131
2023-12-21 16:00:00,11.4,2,30,66,133
2023-12-21 17:00:00,15.4,2,29,67,129
2023-12-21 18:00:00,14.8,1,28,74,120
2023-12-21 19:00:00,13.3,1,28,79,115
2023-12-21 20:00:00,15.7,1,27,82,116
2023-12-21 21:00:00,16.9,2,27,79,123
2023-12-21 22:00:00,17.0,1,27,80,120
2023-12-21 23:00:00,15.6,1,27,77,118
2023-12-22 00:00:00,14.3,1,27,77,114
2023-12-22 01:00:00,11.7,0,26,84,108
2023-12-22 02:00:00,11.3,0,26,86,106
2023-12-22 03:00:00,13.7,0,26,87,107
2023-12-22 04:00:00,14.9,0,25,89,106
2023-12-22 05:00:00,19.1,0,25,92,105
2023-12-22 06:00:00,17.8,0,25,93,107
2023-12-22 07:00:00,20.5,1,26,89,112
2023-12-22 08:00:00,20.3,2,28,79,127
2023-12-22 09:00:00,14.6,1,28,79,159
2023-12-22 10:00:00,15.8,1,29,71,197
2023-12-22 11:00:00,16.6,1,30,65,222
2023-12-22 12:00:00,13.4,2,30,61,234
2023-12-22 13:00:00,11.9,2,30,62,238
2023-12-22 14:00:00,12.8,2,30,65,231
2023-12-22 15:00:00,14.9,2,30,64,238
2023-12-22 16:00:00,15.0,2,29,66,238
2023-12-22 17:00:00,14.8,1,28,70,230
2023-12-22 18:00:00,15.7,1,28,72,183
2023-12-22 19:00:00,12.9,1,28,73,159
2023-12-22 20:00:00,13.9,1,28,74,136
2023-12-22 21:00:00,17.3,1,28,74,128
2023-12-22 22:00:00,15.3,1,28,73,132
2023-12-22 23:00:00,11.9,1,27,76,127
2023-12-23 00:00:00,13.9,2,27,76,125
2023-12-23 01:00:00,10.7,2,27,74,135
2023-12-23 02:00:00,9.7,2,27,72,135
2023-12-23 03:00:00,12.1,2,27,75,135
2023-12-23 04:00:00,14.1,2,27,75,131
2023-12-23 05:00:00,15.2,2,27,78,128
2023-12-23 06:00:00,14.3,2,27,81,124
2023-12-23 07:00:00,16.2,1,26,86,139
2023-12-23 08:00:00,12.2,2,26,88,128
2023-12-23 09:00:00,14.2,1,27,80,127
2023-12-23 10:00:00,17.6,1,28,70,140
2023-12-23 11:00:00,16.0,1,29,65,184
2023-12-23 12:00:00,15.4,2,27,88,142
2023-12-23 13:00:00,22.7,2,27,82,139
2023-12-23 14:00:00,21.9,2,27,80,140
2023-12-23 15:00:00,16.0,2,27,78,129
2023-12-23 16:00:00,19.7,2,26,88,131
2023-12-23 17:00:00,15.0,2,25,92,128
2023-12-23 18:00:00,19.7,2,25,90,125
2023-12-23 19:00:00,13.3,2,26,86,129
2023-12-23 20:00:00,12.1,1,26,82,148
2023-12-23 21:00:00,13.5,2,26,84,132
2023-12-23 22:00:00,12.8,1,26,82,215
2023-12-23 23:00:00,11.6,1,26,89,133
2023-12-24 00:00:00,12.6,1,26,90,133
2023-12-24 01:00:00,14.1,1,26,91,133
2023-12-24 02:00:00,15.3,0,26,90,143
2023-12-24 03:00:00,12.5,1,25,95,147
2023-12-24 04:00:00,12.9,1,26,89,134
2023-12-24 05:00:00,16.8,1,26,90,140
2023-12-24 06:00:00,14.1,1,25,92,175
2023-12-24 07:00:00,12.4,2,25,96,142
2023-12-24 08:00:00,12.3,1,26,89,143
2023-12-24 09:00:00,14.1,1,26,82,164
2023-12-24 10:00:00,18.4,1,27,80,197
2023-12-24 11:00:00,19.4,1,26,88,221
2023-12-24 12:00:00,16.3,1,27,84,161
2023-12-24 13:00:00,13.7,1,27,80,182
2023-12-24 14:00:00,12.2,1,27,82,150
2023-12-24 15:00:00,11.3,1,27,85,209
2023-12-24 16:00:00,17.0,2,27,82,232
2023-12-24 17:00:00,16.3,1,26,89,176
2023-12-24 18:00:00,13.4,2,27,86,233
2023-12-24 19:00:00,11.1,1,27,84,203
2023-12-24 20:00:00,11.1,2,27,83,243
2023-12-24 21:00:00,16.8,2,27,84,244
2023-12-24 22:00:00,15.6,2,25,96,245
2023-12-24 23:00:00,11.5,3,25,95,243
2023-12-25 00:00:00,10.1,3,26,94,242
2023-12-25 01:00:00,7.5,2,26,88,240
2023-12-25 02:00:00,12.6,1,26,86,210
2023-12-25 03:00:00,11.8,1,26,87,217
2023-12-25 04:00:00,12.0,2,26,86,230
2023-12-25 05:00:00,11.1,1,26,86,214
2023-12-25 06:00:00,9.2,2,26,87,241
2023-12-25 07:00:00,12.7,1,26,90,223
2023-12-25 08:00:00,8.3,1,26,88,207
2023-12-25 09:00:00,9.8,1,26,86,215
2023-12-25 10:00:00,12.7,1,26,92,141
2023-12-25 11:00:00,14.0,1,25,99,168
2023-12-25 12:00:00,9.0,1,25,94,135
2023-12-25 13:00:00,10.1,1,26,91,216
2023-12-25 14:00:00,10.3,1,26,87,209
2023-12-25 15:00:00,13.4,1,27,84,204
2023-12-25 16:00:00,14.0,1,27,80,214
2023-12-25 17:00:00,16.2,1,27,77,177
2023-12-25 18:00:00,14.1,1,27,75,201
2023-12-25 19:00:00,13.3,1,27,77,180
2023-12-25 20:00:00,13.3,1,27,77,127
2023-12-25 21:00:00,14.9,1,27,76,126
2023-12-25 22:00:00,16.3,1,27,76,122
2023-12-25 23:00:00,13.1,1,27,74,130
2023-12-26 00:00:00,11.3,1,27,74,148
2023-12-26 01:00:00,12.0,1,27,76,132
2023-12-26 02:00:00,13.2,1,26,85,133
2023-12-26 03:00:00,11.2,1,25,88,184
2023-12-26 04:00:00,10.9,1,25,88,126
2023-12-26 05:00:00,12.4,1,25,94,117
2023-12-26 06:00:00,9.7,0,25,96,112
2023-12-26 07:00:00,10.8,0,25,97,107
2023-12-26 08:00:00,17.7,1,25,96,96
2023-12-26 09:00:00,20.1,0,25,96,103
2023-12-26 10:00:00,24.1,0,25,95,124
2023-12-26 11:00:00,23.6,2,26,88,126
2023-12-26 12:00:00,21.2,1,28,77,134
2023-12-26 13:00:00,18.1,1,28,71,216
2023-12-26 14:00:00,16.5,1,29,69,215
2023-12-26 15:00:00,17.5,1,28,71,184
2023-12-26 16:00:00,20.0,1,28,74,130
2023-12-26 17:00:00,23.4,1,27,77,126
2023-12-26 18:00:00,20.7,1,26,84,122
2023-12-26 19:00:00,19.8,2,26,84,122
2023-12-26 20:00:00,21.6,2,27,80,127
2023-12-26 21:00:00,20.6,1,27,79,118
2023-12-26 22:00:00,19.7,1,27,80,117
2023-12-26 23:00:00,17.0,1,27,72,156
2023-12-27 00:00:00,15.1,1,27,72,138
2023-12-27 01:00:00,14.5,1,27,75,119
2023-12-27 02:00:00,13.6,1,27,76,129
2023-12-27 03:00:00,16.6,1,27,77,114
2023-12-27 04:00:00,17.4,1,26,78,115
2023-12-27 05:00:00,16.1,1,26,78,116
2023-12-27 06:00:00,16.6,1,26,80,119
2023-12-27 07:00:00,15.6,1,27,78,124
2023-12-27 08:00:00,14.8,1,27,76,127
2023-12-27 09:00:00,15.0,1,28,72,132
2023-12-27 10:00:00,16.6,1,29,67,137
2023-12-27 11:00:00,16.9,1,30,64,145
2023-12-27 12:00:00,17.7,1,30,64,160
2023-12-27 13:00:00,19.2,1,30,65,170
2023-12-27 14:00:00,16.8,1,30,67,172
2023-12-27 15:00:00,22.6,1,27,83,190
2023-12-27 16:00:00,14.8,2,27,78,239
2023-12-27 17:00:00,18.1,1,28,74,229
2023-12-27 18:00:00,19.6,1,28,76,222
2023-12-27 19:00:00,18.4,1,27,77,174
2023-12-27 20:00:00,18.5,1,27,78,118
2023-12-27 21:00:00,18.7,1,27,78,141
2023-12-27 22:00:00,19.8,1,27,78,140
2023-12-27 23:00:00,19.9,2,27,80,122
2023-12-28 00:00:00,18.2,1,27,80,121
2023-12-28 01:00:00,15.3,1,27,80,131
2023-12-28 02:00:00,15.7,1,27,83,118
2023-12-28 03:00:00,19.5,1,27,82,130
2023-12-28 04:00:00,16.1,1,27,83,118
2023-12-28 05:00:00,22.6,1,27,83,115
2023-12-28 06:00:00,17.9,1,26,84,114
2023-12-28 07:00:00,16.1,1,27,86,114
2023-12-28 08:00:00,18.6,1,27,84,131
2023-12-28 09:00:00,17.5,2,27,82,241
2023-12-28 10:00:00,14.4,1,29,68,213
2023-12-28 11:00:00,17.8,1,30,65,203
2023-12-28 12:00:00,13.7,2,30,65,232
2023-12-28 13:00:00,12.8,1,30,65,206
2023-12-28 14:00:00,10.2,2,30,65,242
2023-12-28 15:00:00,9.6,2,30,68,242
2023-12-28 16:00:00,13.8,1,29,71,240
2023-12-28 17:00:00,17.8,1,28,76,149
2023-12-28 18:00:00,14.1,1,28,75,142
2023-12-28 19:00:00,17.1,1,28,76,170
2023-12-28 20:00:00,15.1,2,28,76,237
2023-12-28 21:00:00,13.6,1,28,77,208
2023-12-28 22:00:00,13.5,1,28,77,189
2023-12-28 23:00:00,16.4,1,28,78,200
2023-12-29 00:00:00,13.6,1,27,83,213
2023-12-29 01:00:00,10.5,1,27,83,222
2023-12-29 02:00:00,9.8,1,26,92,205
2023-12-29 03:00:00,10.1,2,27,87,227
2023-12-29 04:00:00,13.2,2,27,85,233
2023-12-29 05:00:00,11.9,1,27,84,221
2023-12-29 06:00:00,13.4,1,27,84,219
2023-12-29 07:00:00,12.1,1,27,83,222
2023-12-29 08:00:00,11.1,1,27,84,210
2023-12-29 09:00:00,11.8,1,28,84,217
2023-12-29 10:00:00,9.4,1,29,75,210
2023-12-29 11:00:00,11.2,2,29,80,231
2023-12-29 12:00:00,18.4,2,29,79,232
2023-12-29 13:00:00,13.3,2,29,75,237
2023-12-29 14:00:00,12.2,1,29,72,220
2023-12-29 15:00:00,12.1,1,29,76,223
2023-12-29 16:00:00,13.2,2,28,80,229
2023-12-29 17:00:00,14.4,1,27,83,225
2023-12-29 18:00:00,18.2,1,27,82,215
2023-12-29 19:00:00,14.4,1,28,79,198
2023-12-29 20:00:00,13.2,1,28,79,186
2023-12-29 21:00:00,15.2,1,27,79,136
2023-12-29 22:00:00,14.8,1,27,80,130
2023-12-29 23:00:00,14.1,1,27,80,127
2023-12-30 00:00:00,16.8,1,27,84,116
2023-12-30 01:00:00,12.0,1,27,86,128
2023-12-30 02:00:00,10.9,1,27,85,178
2023-12-30 03:00:00,10.3,1,27,83,144
2023-12-30 04:00:00,11.3,1,27,83,128
2023-12-30 05:00:00,13.9,1,27,81,149
2023-12-30 06:00:00,12.9,1,27,82,154
2023-12-30 07:00:00,8.2,1,27,86,134
2023-12-30 08:00:00,12.6,1,27,80,229
2023-12-30 09:00:00,12.6,1,29,75,139
2023-12-30 10:00:00,10.9,1,29,74,187
2023-12-30 11:00:00,14.1,1,30,68,175
2023-12-30 12:00:00,14.0,1,30,66,167
2023-12-30 13:00:00,15.2,1,31,63,194
2023-12-30 14:00:00,14.5,1,31,61,164
2023-12-30 15:00:00,16.4,1,31,63,197
2023-12-30 16:00:00,15.2,1,30,65,209
2023-12-30 17:00:00,18.1,1,29,71,209
2023-12-30 18:00:00,19.6,1,28,76,184
2023-12-30 19:00:00,17.8,1,28,78,157
2023-12-30 20:00:00,14.5,1,28,78,133
2023-12-30 21:00:00,16.9,1,28,79,118
2023-12-30 22:00:00,14.1,1,28,79,115
2023-12-30 23:00:00,13.3,1,27,79,119
2023-12-31 00:00:00,13.9,1,27,81,114
2023-12-31 01:00:00,18.0,1,27,84,112
2023-12-31 02:00:00,16.4,1,26,89,109
2023-12-31 03:00:00,14.0,1,26,87,112
2023-12-31 04:00:00,13.1,1,27,82,113
2023-12-31 05:00:00,12.6,1,26,85,108
2023-12-31 06:00:00,13.4,0,26,87,108
2023-12-31 07:00:00,12.9,1,27,81,114
2023-12-31 08:00:00,14.2,1,28,74,116
2023-12-31 09:00:00,14.2,1,30,66,154
2023-12-31 10:00:00,13.5,1,31,62,165
2023-12-31 11:00:00,12.7,1,31,61,214
2023-12-31 12:00:00,10.8,1,31,61,191
2023-12-31 13:00:00,12.1,1,32,59,189
2023-12-31 14:00:00,11.6,1,31,60,181
2023-12-31 15:00:00,14.2,1,31,60,194
2023-12-31 16:00:00,13.8,1,30,63,178
2023-12-31 17:00:00,11.2,1,29,67,155
2023-12-31 18:00:00,9.7,1,28,73,179
2023-12-31 19:00:00,11.4,1,28,75,189
2023-12-31 20:00:00,16.0,1,28,76,144
2023-12-31 21:00:00,12.4,1,28,77,147
2023-12-31 22:00:00,13.9,1,27,77,131
2023-12-31 23:00:00,12.6,1,27,77,125
2024-01-01 00:00:00,16.5,1,27,79,115
2024-01-01 01:00:00,33.6,1,27,82,97
2024-01-01 02:00:00,34.2,1,26,84,96
2024-01-01 03:00:00,20.1,1,26,82,108
2024-01-01 04:00:00,16.5,1,27,79,106
2024-01-01 05:00:00,15.4,1,26,82,108
2024-01-01 06:00:00,15.7,1,26,82,109
2024-01-01 07:00:00,18.1,1,27,79,114
2024-01-01 08:00:00,19.5,1,28,72,110
2024-01-01 09:00:00,17.5,1,29,68,120
2024-01-01 10:00:00,16.4,1,30,65,151
2024-01-01 11:00:00,15.8,1,31,60,177
2024-01-01 12:00:00,16.7,1,32,57,174
2024-01-01 13:00:00,14.8,1,32,53,157
2024-01-01 14:00:00,13.4,1,32,50,144
2024-01-01 15:00:00,10.4,1,32,52,151
2024-01-01 16:00:00,11.4,1,31,56,146
2024-01-01 17:00:00,12.7,2,30,62,128
2024-01-01 18:00:00,13.9,1,29,71,148
2024-01-01 19:00:00,14.5,1,28,75,149
2024-01-01 20:00:00,13.1,1,28,76,121
2024-01-01 21:00:00,15.2,1,28,76,116
2024-01-01 22:00:00,16.9,1,28,78,116
2024-01-01 23:00:00,15.2,1,28,79,117
2024-01-02 00:00:00,12.4,2,27,79,120
2024-01-02 01:00:00,11.8,1,27,80,114
2024-01-02 02:00:00,12.5,0,26,85,106
2024-01-02 03:00:00,13.5,0,26,89,105
2024-01-02 04:00:00,14.9,1,25,91,107
2024-01-02 05:00:00,12.6,0,25,93,103
2024-01-02 06:00:00,15.2,0,25,92,105
2024-01-02 07:00:00,19.3,1,26,88,106
2024-01-02 08:00:00,18.7,1,29,72,118
2024-01-02 09:00:00,17.2,2,30,66,129
2024-01-02 10:00:00,11.7,1,31,59,132
2024-01-02 11:00:00,12.5,1,31,55,193
2024-01-02 12:00:00,11.3,1,32,55,146
2024-01-02 13:00:00,11.1,1,32,53,203
2024-01-02 14:00:00,12.0,1,32,54,173
2024-01-02 15:00:00,9.9,1,31,56,178
2024-01-02 16:00:00,9.3,1,31,57,171
2024-01-02 17:00:00,9.9,1,29,65,180
2024-01-02 18:00:00,10.8,1,28,71,138
2024-01-02 19:00:00,16.5,1,28,73,134
2024-01-02 20:00:00,13.1,1,28,74,126
2024-01-02 21:00:00,15.3,1,28,76,111
2024-01-02 22:00:00,14.3,1,27,77,111
2024-01-02 23:00:00,12.6,1,27,77,113
2024-01-03 00:00:00,9.9,1,27,80,109
2024-01-03 01:00:00,10.8,0,26,83,105
2024-01-03 02:00:00,14.8,0,26,84,106
2024-01-03 03:00:00,13.1,0,26,86,106
2024-01-03 04:00:00,21.1,0,25,90,108
2024-01-03 05:00:00,13.6,1,25,92,106
2024-01-03 06:00:00,14.5,1,25,91,106
2024-01-03 07:00:00,17.0,1,26,87,106
2024-01-03 08:00:00,21.3,1,29,74,116
2024-01-03 09:00:00,17.4,1,30,67,123
2024-01-03 10:00:00,18.2,1,31,59,148
2024-01-03 11:00:00,19.2,1,31,58,168
2024-01-03 12:00:00,11.4,1,32,55,193
2024-01-03 13:00:00,15.1,1,32,52,204
2024-01-03 14:00:00,14.8,1,32,53,168
2024-01-03 15:00:00,15.2,1,32,56,156
2024-01-03 16:00:00,16.6,1,31,59,153
2024-01-03 17:00:00,16.7,1,30,65,160
2024-01-03 18:00:00,15.6,1,29,71,190
2024-01-03 19:00:00,20.4,1,28,73,150
2024-01-03 20:00:00,15.4,1,28,74,170
2024-01-03 21:00:00,14.0,1,28,74,128
2024-01-03 22:00:00,13.6,1,28,75,128
2024-01-03 23:00:00,11.8,1,28,76,118
2024-01-04 00:00:00,11.1,1,27,78,107
2024-01-04 01:00:00,11.8,1,27,79,108
2024-01-04 02:00:00,12.8,1,26,83,103
2024-01-04 03:00:00,15.3,0,26,84,104
2024-01-04 04:00:00,12.9,1,26,86,105
2024-01-04 05:00:00,17.0,1,26,87,104
2024-01-04 06:00:00,15.1,1,26,85,106
2024-01-04 07:00:00,15.7,1,27,79,117
2024-01-04 08:00:00,16.4,1,29,73,118
2024-01-04 09:00:00,21.5,1,30,65,137
2024-01-04 10:00:00,20.5,1,32,58,106
2024-01-04 11:00:00,16.4,1,32,53,155
2024-01-04 12:00:00,14.5,1,33,51,116
2024-01-04 13:00:00,15.4,1,33,48,135
2024-01-04 14:00:00,13.4,1,33,50,175
2024-01-04 15:00:00,17.1,1,32,56,154
2024-01-04 16:00:00,14.6,1,32,58,142
2024-01-04 17:00:00,19.7,1,30,64,129
2024-01-04 18:00:00,19.7,1,29,68,124
2024-01-04 19:00:00,20.9,1,28,74,138
2024-01-04 20:00:00,21.1,1,28,73,153
2024-01-04 21:00:00,23.1,1,28,74,125
2024-01-04 22:00:00,27.6,1,28,74,123
2024-01-04 23:00:00,19.9,1,27,74,111
2024-01-05 00:00:00,17.5,1,27,73,123
2024-01-05 01:00:00,18.4,1,27,74,97
2024-01-05 02:00:00,17.0,1,26,77,94
2024-01-05 03:00:00,17.4,1,26,76,98
2024-01-05 04:00:00,18.9,1,26,75,99
2024-01-05 05:00:00,14.6,1,26,77,109
2024-01-05 06:00:00,13.8,1,26,75,110
2024-01-05 07:00:00,19.9,1,27,74,107
2024-01-05 08:00:00,20.1,1,28,69,90
2024-01-05 09:00:00,19.0,1,30,66,114
2024-01-05 10:00:00,18.5,1,30,63,148
2024-01-05 11:00:00,21.3,1,31,56,214
2024-01-05 12:00:00,17.6,1,31,56,232
2024-01-05 13:00:00,15.3,1,32,49,190
2024-01-05 14:00:00,12.4,1,31,53,175
2024-01-05 15:00:00,13.1,1,31,55,201
2024-01-05 16:00:00,11.6,1,30,58,177
2024-01-05 17:00:00,18.0,1,29,65,152
2024-01-05 18:00:00,19.2,1,28,70,173
2024-01-05 19:00:00,19.4,1,28,70,151
2024-01-05 20:00:00,22.4,1,28,70,123
2024-01-05 21:00:00,20.4,1,28,71,104
2024-01-05 22:00:00,21.6,1,27,72,99
2024-01-05 23:00:00,17.1,1,27,74,114
2024-01-06 00:00:00,18.6,1,27,77,111
2024-01-06 01:00:00,19.9,1,27,78,115
2024-01-06 02:00:00,20.1,1,27,78,114
2024-01-06 03:00:00,22.7,1,27,78,113
2024-01-06 04:00:00,20.6,1,26,79,108
2024-01-06 05:00:00,20.6,1,26,83,105
2024-01-06 06:00:00,20.0,1,26,82,110
2024-01-06 07:00:00,23.2,1,26,83,111
2024-01-06 08:00:00,24.0,1,29,70,123
2024-01-06 09:00:00,23.8,1,29,68,141
2024-01-06 10:00:00,28.7,1,30,59,171
2024-01-06 11:00:00,30.5,1,31,57,178
2024-01-06 12:00:00,20.2,1,31,59,194
2024-01-06 13:00:00,21.1,1,31,58,180
2024-01-06 14:00:00,18.8,1,31,58,170
2024-01-06 15:00:00,22.4,1,31,57,202
2024-01-06 16:00:00,20.7,1,31,61,168
2024-01-06 17:00:00,17.8,1,29,65,145
2024-01-06 18:00:00,16.7,1,29,70,147
2024-01-06 19:00:00,17.8,1,28,73,148
2024-01-06 20:00:00,20.7,1,28,75,121
2024-01-06 21:00:00,15.9,1,28,75,114
2024-01-06 22:00:00,13.8,1,28,76,111
2024-01-06 23:00:00,17.2,1,28,81,113
2024-01-07 00:00:00,19.2,1,27,83,113
2024-01-07 01:00:00,20.9,1,26,89,127
2024-01-07 02:00:00,19.3,1,25,93,100
2024-01-07 03:00:00,13.7,1,25,95,91
2024-01-07 04:00:00,11.8,1,25,96,92
2024-01-07 05:00:00,14.1,1,25,97,106
2024-01-07 06:00:00,13.1,1,25,96,122
2024-01-07 07:00:00,16.6,1,26,94,120
2024-01-07 08:00:00,17.2,0,26,93,123
2024-01-07 09:00:00,18.2,1,27,87,234
2024-01-07 10:00:00,16.4,1,28,78,231
2024-01-07 11:00:00,19.1,1,30,69,227
2024-01-07 12:00:00,16.8,1,30,65,218
2024-01-07 13:00:00,17.7,2,28,79,228
2024-01-07 14:00:00,21.3,1,28,78,212
2024-01-07 15:00:00,19.6,1,30,67,237
2024-01-07 16:00:00,16.7,1,29,69,230
2024-01-07 17:00:00,16.3,1,28,72,190
2024-01-07 18:00:00,15.9,1,28,74,162
2024-01-07 19:00:00,20.7,1,28,74,163
2024-01-07 20:00:00,14.0,1,28,75,176
2024-01-07 21:00:00,13.5,1,28,77,131
2024-01-07 22:00:00,15.7,1,27,79,116
2024-01-07 23:00:00,11.9,1,27,82,117
2024-01-08 00:00:00,13.9,1,27,83,113
2024-01-08 01:00:00,15.7,1,27,83,103
2024-01-08 02:00:00,10.3,1,27,84,103
2024-01-08 03:00:00,16.5,1,27,84,98
2024-01-08 04:00:00,11.2,1,27,84,106
2024-01-08 05:00:00,19.4,1,26,86,108
2024-01-08 06:00:00,14.6,1,27,85,115
2024-01-08 07:00:00,14.2,1,27,83,113
2024-01-08 08:00:00,13.1,1,27,85,110
2024-01-08 09:00:00,16.8,1,28,78,115
2024-01-08 10:00:00,14.1,1,29,75,155
2024-01-08 11:00:00,16.527314578005114,1,30,68,166
2024-01-08 12:00:00,16.5,1,30,65,211
2024-01-08 13:00:00,13.8,1,31,65,201
2024-01-08 14:00:00,16.2,1,31,62,214
2024-01-08 15:00:00,16.9,1,31,63,182
2024-01-08 16:00:00,14.6,1,30,67,190
2024-01-08 17:00:00,15.5,1,29,72,178
2024-01-08 18:00:00,16.7,1,28,79,188
2024-01-08 19:00:00,14.5,1,28,78,173
2024-01-08 20:00:00,15.2,1,28,78,170
2024-01-08 21:00:00,13.3,1,28,78,181
2024-01-08 22:00:00,15.9,1,27,79,133
2024-01-08 23:00:00,11.2,1,27,80,120
2024-01-09 00:00:00,13.2,1,27,81,115
2024-01-09 01:00:00,13.5,1,27,81,106
2024-01-09 02:00:00,14.9,1,27,82,109
2024-01-09 03:00:00,13.8,1,27,80,112
2024-01-09 04:00:00,13.3,1,26,82,110
2024-01-09 05:00:00,14.9,1,27,82,112
2024-01-09 06:00:00,11.7,1,26,87,109
2024-01-09 07:00:00,18.0,1,26,90,111
2024-01-09 08:00:00,20.4,1,28,79,154
2024-01-09 09:00:00,12.6,1,29,74,195
2024-01-09 10:00:00,9.9,1,30,68,134
2024-01-09 11:00:00,13.9,1,31,63,164
2024-01-09 12:00:00,19.5,1,31,64,149
2024-01-09 13:00:00,17.5,1,31,64,198
2024-01-09 14:00:00,11.7,1,30,65,182
2024-01-09 15:00:00,12.5,1,31,64,166
2024-01-09 16:00:00,12.8,2,30,69,133
2024-01-09 17:00:00,14.7,2,29,71,133
2024-01-09 18:00:00,15.7,1,29,75,124
2024-01-09 19:00:00,18.6,1,28,77,120
2024-01-09 20:00:00,17.8,1,28,80,110
2024-01-09 21:00:00,13.2,1,28,82,109
2024-01-09 22:00:00,15.5,1,28,79,129
2024-01-09 23:00:00,11.0,2,28,78,128
2024-01-10 00:00:00,20.3,1,28,79,122
2024-01-10 01:00:00,13.7,1,27,79,123
2024-01-10 02:00:00,15.7,1,27,80,116
2024-01-10 03:00:00,12.4,1,27,84,109
2024-01-10 04:00:00,13.9,1,26,87,107
2024-01-10 05:00:00,13.7,1,26,89,107
2024-01-10 06:00:00,16.8,1,26,90,106
2024-01-10 07:00:00,21.0,1,27,84,114
2024-01-10 08:00:00,19.0,1,28,78,123
2024-01-10 09:00:00,13.9,1,29,71,131
2024-01-10 10:00:00,16.6,1,31,63,162
2024-01-10 11:00:00,10.5,1,31,60,143
2024-01-10 12:00:00,12.5,1,32,57,168
2024-01-10 13:00:00,10.8,1,32,54,171
2024-01-10 14:00:00,13.2,1,32,55,163
2024-01-10 15:00:00,10.9,1,32,57,170
2024-01-10 16:00:00,8.9,1,31,61,163
2024-01-10 17:00:00,9.1,1,29,68,188
2024-01-10 18:00:00,15.8,1,28,73,190
2024-01-10 19:00:00,16.7,1,28,75,190
2024-01-10 20:00:00,16.0,1,28,76,163
2024-01-10 21:00:00,12.4,1,28,76,129
2024-01-10 22:00:00,17.5,1,28,77,134
2024-01-10 23:00:00,15.6,1,28,78,119
2024-01-11 00:00:00,16.0,1,27,79,118
2024-01-11 01:00:00,12.2,1,27,80,110
2024-01-11 02:00:00,13.7,1,27,81,105
2024-01-11 03:00:00,11.1,1,27,83,102
2024-01-11 04:00:00,13.2,1,26,86,99
2024-01-11 05:00:00,15.9,1,26,87,102
2024-01-11 06:00:00,18.1,0,26,86,104
2024-01-11 07:00:00,16.7,1,27,85,107
2024-01-11 08:00:00,25.5,1,29,73,114
2024-01-11 09:00:00,16.8,1,30,62,146
2024-01-11 10:00:00,13.8,1,31,58,141
2024-01-11 11:00:00,11.9,1,32,56,150
2024-01-11 12:00:00,17.0,1,32,54,143
2024-01-11 13:00:00,17.0,1,32,53,138
2024-01-11 14:00:00,13.2,1,32,54,166
2024-01-11 15:00:00,11.1,1,31,59,204
2024-01-11 16:00:00,9.7,1,30,63,199
2024-01-11 17:00:00,14.8,1,29,69,139
2024-01-11 18:00:00,20.0,1,28,72,145
2024-01-11 19:00:00,18.3,1,28,74,171
2024-01-11 20:00:00,16.7,1,28,74,137
2024-01-11 21:00:00,13.6,1,28,74,134
2024-01-11 22:00:00,14.9,1,28,75,131
2024-01-11 23:00:00,13.1,1,27,78,101
2024-01-12 00:00:00,13.5,0,27,79,106
2024-01-12 01:00:00,20.2,1,27,79,97
2024-01-12 02:00:00,14.7,0,26,83,106
2024-01-12 03:00:00,13.0,0,26,86,110
2024-01-12 04:00:00,13.7,0,25,87,106
2024-01-12 05:00:00,16.9,0,25,89,106
2024-01-12 06:00:00,27.1,0,25,90,109
2024-01-12 07:00:00,30.5,0,25,88,109
2024-01-12 08:00:00,22.6,1,28,75,122
2024-01-12 09:00:00,18.3,1,29,65,160
2024-01-12 10:00:00,12.5,0,31,57,138
2024-01-12 11:00:00,13.9,1,31,57,141
2024-01-12 12:00:00,14.5,1,32,54,174
2024-01-12 13:00:00,15.7,0,32,51,137
2024-01-12 14:00:00,18.4,1,32,51,143
2024-01-12 15:00:00,16.5,1,31,55,165
2024-01-12 16:00:00,18.9,1,30,61,141
2024-01-12 17:00:00,15.8,1,29,66,141
2024-01-12 18:00:00,22.6,1,28,70,142
2024-01-12 19:00:00,26.8,1,28,73,145
2024-01-12 20:00:00,23.4,1,28,74,119
2024-01-12 21:00:00,23.8,1,27,74,115
2024-01-12 22:00:00,22.1,1,27,75,103
2024-01-12 23:00:00,24.5,1,27,76,96
2024-01-13 00:00:00,21.0,0,27,77,101
2024-01-13 01:00:00,19.9,1,26,78,98
2024-01-13 02:00:00,20.1,1,26,80,96
2024-01-13 03:00:00,17.0,1,26,80,99
2024-01-13 04:00:00,19.3,1,26,79,96
2024-01-13 05:00:00,15.8,1,26,80,96
2024-01-13 06:00:00,16.9,1,26,78,98
2024-01-13 07:00:00,16.9,1,26,77,95
2024-01-13 08:00:00,21.5,1,28,68,116
2024-01-13 09:00:00,15.5,1,29,63,115
2024-01-13 10:00:00,19.2,1,30,56,112
2024-01-13 11:00:00,25.4,1,31,50,144
2024-01-13 12:00:00,23.4,0,32,47,170
2024-01-13 13:00:00,21.9,0,32,48,168
2024-01-13 14:00:00,15.9,1,32,50,156
2024-01-13 15:00:00,17.7,1,31,55,146
2024-01-13 16:00:00,22.6,1,31,54,142
2024-01-13 17:00:00,22.1,1,30,60,144
2024-01-13 18:00:00,21.2,1,28,67,121
2024-01-13 19:00:00,24.7,1,28,71,115
2024-01-13 20:00:00,24.3,1,27,74,113
2024-01-13 21:00:00,24.8,1,27,75,109
2024-01-13 22:00:00,27.4,1,27,75,111
2024-01-13 23:00:00,23.7,1,26,78,108
2024-01-14 00:00:00,28.3,1,26,79,109
2024-01-14 01:00:00,23.5,1,26,82,107
2024-01-14 02:00:00,22.1,0,25,85,107
2024-01-14 03:00:00,22.7,0,25,85,110
2024-01-14 04:00:00,28.4,0,25,86,106
2024-01-14 05:00:00,31.4,0,25,85,106
2024-01-14 06:00:00,21.4,0,25,86,105
2024-01-14 07:00:00,29.5,1,26,78,112
2024-01-14 08:00:00,19.5,1,28,70,129
2024-01-14 09:00:00,22.3,1,29,65,114
2024-01-14 10:00:00,21.2,1,30,60,129
2024-01-14 11:00:00,25.6,1,31,52,140
2024-01-14 12:00:00,27.9,1,32,48,158
2024-01-14 13:00:00,24.6,1,31,52,167
2024-01-14 14:00:00,20.1,1,31,52,191
2024-01-14 15:00:00,16.527314578005114,1,31,51,158
2024-01-14 16:00:00,16.527314578005114,1,30,56,183
2024-01-14 17:00:00,19.2,1,29,60,153
2024-01-14 18:00:00,20.1,1,28,63,135
2024-01-14 19:00:00,22.7,1,27,68,114
2024-01-14 20:00:00,31.5,1,27,69,118
2024-01-14 21:00:00,22.8,1,27,70,117
2024-01-14 22:00:00,19.7,1,27,71,116
2024-01-14 23:00:00,13.9,1,27,71,117
2024-01-15 00:00:00,13.7,2,27,74,119
2024-01-15 01:00:00,15.9,1,27,75,113
2024-01-15 02:00:00,14.1,1,26,78,106
2024-01-15 03:00:00,12.7,1,26,79,116
2024-01-15 04:00:00,13.7,1,27,75,117
2024-01-15 05:00:00,24.9,1,27,76,117
2024-01-15 06:00:00,21.3,1,27,78,109
2024-01-15 07:00:00,18.8,1,27,75,118
2024-01-15 08:00:00,18.2,1,28,70,114
2024-01-15 09:00:00,13.6,1,30,62,142
2024-01-15 10:00:00,15.7,1,30,59,207
2024-01-15 11:00:00,19.3,1,31,55,219
2024-01-15 12:00:00,18.5,0,32,54,197
2024-01-15 13:00:00,14.9,1,32,49,166
2024-01-15 14:00:00,12.1,1,32,51,172
2024-01-15 15:00:00,16.8,1,32,50,154
2024-01-15 16:00:00,16.2,1,31,54,189
2024-01-15 17:00:00,15.5,1,30,60,143
2024-01-15 18:00:00,16.2,1,28,68,138
2024-01-15 19:00:00,11.7,1,28,72,130
2024-01-15 20:00:00,17.7,1,28,73,133
2024-01-15 21:00:00,15.1,1,28,73,134
2024-01-15 22:00:00,20.2,1,28,73,142
2024-01-15 23:00:00,18.3,1,28,73,123
2024-01-16 00:00:00,20.1,1,27,77,109
2024-01-16 01:00:00,19.8,1,26,82,106
2024-01-16 02:00:00,17.2,1,26,85,107
2024-01-16 03:00:00,16.1,1,26,88,105
2024-01-16 04:00:00,19.9,1,26,89,104
2024-01-16 05:00:00,22.5,1,26,90,104
2024-01-16 06:00:00,24.7,1,26,87,103
2024-01-16 07:00:00,19.8,1,26,89,107
2024-01-16 08:00:00,24.9,1,28,74,140
2024-01-16 09:00:00,14.0,1,30,68,169
2024-01-16 10:00:00,27.3,1,30,62,208
2024-01-16 11:00:00,19.9,1,31,60,216
2024-01-16 12:00:00,15.4,1,32,58,218
2024-01-16 13:00:00,12.4,1,32,55,178
2024-01-16 14:00:00,10.2,1,31,57,148
2024-01-16 15:00:00,9.1,1,31,61,199
2024-01-16 16:00:00,11.2,1,30,63,172
2024-01-16 17:00:00,17.3,1,29,67,152
2024-01-16 18:00:00,17.9,1,29,71,132
2024-01-16 19:00:00,19.4,1,28,73,137
2024-01-16 20:00:00,23.9,1,28,74,121
2024-01-16 21:00:00,26.9,1,28,75,123
2024-01-16 22:00:00,23.9,1,28,79,130
2024-01-16 23:00:00,23.3,1,27,79,127
2024-01-17 00:00:00,25.9,1,28,76,162
2024-01-17 01:00:00,23.6,1,27,73,146
2024-01-17 02:00:00,13.7,1,27,73,134
2024-01-17 03:00:00,10.7,1,27,73,145
2024-01-17 04:00:00,12.8,1,27,72,129
2024-01-17 05:00:00,19.0,1,27,74,108
2024-01-17 06:00:00,15.6,1,27,79,132
2024-01-17 07:00:00,12.6,1,27,75,164
2024-01-17 08:00:00,13.9,1,28,70,176
2024-01-17 09:00:00,16.4,1,29,69,167
2024-01-17 10:00:00,16.0,1,30,61,177
2024-01-17 11:00:00,17.9,1,31,58,190
2024-01-17 12:00:00,17.7,1,31,57,187
2024-01-17 13:00:00,11.0,1,32,54,182
2024-01-17 14:00:00,13.7,1,32,53,192
2024-01-17 15:00:00,15.5,0,31,56,223
2024-01-17 16:00:00,19.3,1,30,58,181
2024-01-17 17:00:00,18.5,1,29,62,158
2024-01-17 18:00:00,18.7,1,28,69,158
2024-01-17 19:00:00,20.3,1,28,72,159
2024-01-17 20:00:00,14.2,1,28,73,143
2024-01-17 21:00:00,14.7,1,28,70,182
2024-01-17 22:00:00,16.6,1,28,70,183
2024-01-17 23:00:00,15.4,1,27,71,145
2024-01-18 00:00:00,13.9,1,27,72,126
2024-01-18 01:00:00,11.6,1,27,73,117
2024-01-18 02:00:00,9.9,1,27,75,119
2024-01-18 03:00:00,10.7,1,27,75,129
2024-01-18 04:00:00,14.4,1,27,75,137
2024-01-18 05:00:00,22.5,1,27,76,141
2024-01-18 06:00:00,16.2,1,27,77,156
2024-01-18 07:00:00,12.9,1,27,74,197
2024-01-18 08:00:00,17.3,0,0,0,0
2024-01-18 09:00:00,16.7,0,0,0,0
2024-01-18 10:00:00,14.3,0,0,0,0
2024-01-18 11:00:00,13.7,0,0,0,0
2024-01-18 12:00:00,13.7,0,0,0,0
2024-01-18 13:00:00,13.6,0,0,0,0
2024-01-18 14:00:00,15.9,0,0,0,0
2024-01-18 15:00:00,15.7,0,0,0,0
2024-01-18 16:00:00,17.4,0,0,0,0
2024-01-18 17:00:00,20.5,0,0,0,0
2024-01-18 18:00:00,16.4,0,0,0,0
2024-01-18 19:00:00,18.4,0,0,0,0
2024-01-18 20:00:00,18.2,0,0,0,0
2024-01-18 21:00:00,18.2,0,0,0,0
2024-01-18 22:00:00,18.4,0,0,0,0
2024-01-18 23:00:00,9.6,0,0,0,0
2024-01-19 00:00:00,15.5,0,0,0,0
2024-01-19 01:00:00,15.5,0,0,0,0
2024-01-19 02:00:00,11.2,0,0,0,0
2024-01-19 03:00:00,13.8,0,0,0,0
2024-01-19 04:00:00,17.6,0,0,0,0
2024-01-19 05:00:00,25.0,0,0,0,0
2024-01-19 06:00:00,25.0,0,0,0,0
2024-01-19 07:00:00,18.2,0,0,0,0
2024-01-19 08:00:00,17.3,0,0,0,0
2024-01-19 09:00:00,17.5,0,0,0,0
2024-01-19 10:00:00,21.7,0,0,0,0
2024-01-19 11:00:00,17.6,0,0,0,0
2024-01-19 12:00:00,14.3,1,31,56,182
2024-01-19 13:00:00,13.6,1,32,55,176
2024-01-19 14:00:00,10.2,1,32,52,161
2024-01-19 15:00:00,17.7,1,32,54,172
2024-01-19 16:00:00,16.5,1,30,60,209
2024-01-19 17:00:00,15.7,0,0,0,0
2024-01-19 18:00:00,20.5,0,0,0,0
2024-01-19 19:00:00,18.7,0,0,0,0
2024-01-19 20:00:00,19.2,0,0,0,0
2024-01-19 21:00:00,20.1,0,0,0,0
2024-01-19 22:00:00,20.9,0,0,0,0
2024-01-19 23:00:00,17.3,0,0,0,0
2024-01-20 00:00:00,18.9,0,0,0,0
2024-01-20 01:00:00,11.8,0,0,0,0
2024-01-20 02:00:00,11.6,0,0,0,0
2024-01-20 03:00:00,12.9,0,0,0,0
2024-01-20 04:00:00,26.9,0,0,0,0
2024-01-20 05:00:00,29.1,0,0,0,0
2024-01-20 06:00:00,28.0,0,0,0,0
2024-01-20 07:00:00,31.5,0,0,0,0
2024-01-20 08:00:00,34.4,0,0,0,0
2024-01-20 09:00:00,22.9,0,0,0,0
2024-01-20 10:00:00,21.7,0,0,0,0
2024-01-20 11:00:00,17.1,0,0,0,0
2024-01-20 12:00:00,16.3,0,0,0,0
2024-01-20 13:00:00,13.6,0,0,0,0
2024-01-20 14:00:00,15.7,0,0,0,0
2024-01-20 15:00:00,22.4,0,0,0,0
2024-01-20 16:00:00,20.0,0,0,0,0
2024-01-20 17:00:00,22.7,0,0,0,0
2024-01-20 18:00:00,25.4,0,0,0,0
2024-01-20 19:00:00,23.8,0,0,0,0
2024-01-20 20:00:00,28.3,0,0,0,0
2024-01-20 21:00:00,33.9,0,0,0,0
2024-01-20 22:00:00,25.8,0,0,0,0
2024-01-20 23:00:00,25.7,0,0,0,0
2024-01-21 00:00:00,24.1,0,0,0,0
2024-01-21 01:00:00,19.8,0,0,0,0
2024-01-21 02:00:00,20.2,0,0,0,0
2024-01-21 03:00:00,26.8,0,0,0,0
2024-01-21 04:00:00,31.7,0,0,0,0
2024-01-21 05:00:00,36.8,0,0,0,0
2024-01-21 06:00:00,35.1,0,0,0,0
2024-01-21 07:00:00,34.3,0,0,0,0
2024-01-21 08:00:00,38.4,0,0,0,0
2024-01-21 09:00:00,33.2,0,0,0,0
2024-01-21 10:00:00,16.527314578005114,0,0,0,0
2024-01-21 11:00:00,25.6,0,0,0,0
2024-01-21 12:00:00,23.6,0,0,0,0
2024-01-21 13:00:00,14.1,0,0,0,0
2024-01-21 14:00:00,24.3,0,0,0,0
2024-01-21 15:00:00,23.1,0,0,0,0
2024-01-21 16:00:00,27.8,0,0,0,0
2024-01-21 17:00:00,22.9,0,0,0,0
2024-01-21 18:00:00,26.3,0,0,0,0
2024-01-21 19:00:00,21.5,0,0,0,0
2024-01-21 20:00:00,20.4,0,0,0,0
2024-01-21 21:00:00,25.1,0,0,0,0
2024-01-21 22:00:00,26.4,0,0,0,0
2024-01-21 23:00:00,25.1,0,0,0,0
2024-01-22 00:00:00,21.3,0,0,0,0
2024-01-22 01:00:00,20.4,0,0,0,0
2024-01-22 02:00:00,23.0,0,0,0,0
2024-01-22 03:00:00,28.7,0,0,0,0
2024-01-22 04:00:00,28.9,0,0,0,0
2024-01-22 05:00:00,23.0,0,0,0,0
2024-01-22 06:00:00,21.2,0,0,0,0
2024-01-22 07:00:00,22.8,1,26,85,104
2024-01-22 08:00:00,22.0,1,28,77,98
2024-01-22 09:00:00,28.1,1,28,75,93
2024-01-22 10:00:00,22.5,1,29,73,115
2024-01-22 11:00:00,21.9,1,26,84,92
2024-01-22 12:00:00,13.5,1,28,75,92
2024-01-22 13:00:00,12.3,1,29,69,107
2024-01-22 14:00:00,10.8,1,30,65,128
2024-01-22 15:00:00,7.9,1,30,64,140
2024-01-22 16:00:00,8.1,1,29,67,132
2024-01-22 17:00:00,9.5,1,29,70,124
2024-01-22 18:00:00,11.3,1,28,71,119
2024-01-22 19:00:00,9.3,1,27,78,110
2024-01-22 20:00:00,8.1,1,27,81,110
2024-01-22 21:00:00,9.9,1,26,84,109
2024-01-22 22:00:00,12.3,2,26,86,115
2024-01-22 23:00:00,16.4,1,25,87,111
2024-01-23 00:00:00,9.8,1,25,92,109
2024-01-23 01:00:00,12.2,1,25,93,109
2024-01-23 02:00:00,13.2,1,25,93,105
2024-01-23 03:00:00,9.7,1,25,93,126
2024-01-23 04:00:00,12.0,1,24,90,120
2024-01-23 05:00:00,10.9,1,23,80,119
2024-01-23 06:00:00,11.4,0,23,84,106
2024-01-23 07:00:00,10.2,1,25,81,95
2024-01-23 08:00:00,7.3,1,28,65,93
2024-01-23 09:00:00,7.2,1,29,61,125
2024-01-23 10:00:00,6.9,1,30,61,99
2024-01-23 11:00:00,9.5,1,30,59,126
2024-01-23 12:00:00,12.4,1,30,62,113
2024-01-23 13:00:00,14.4,1,30,63,111
2024-01-23 14:00:00,13.0,1,30,64,150
2024-01-23 15:00:00,16.4,1,30,61,133
2024-01-23 16:00:00,7.6,1,29,63,147
2024-01-23 17:00:00,14.8,1,29,69,123
2024-01-23 18:00:00,12.3,1,28,74,123
2024-01-23 19:00:00,14.2,1,28,77,108
2024-01-23 20:00:00,13.5,1,28,73,135
2024-01-23 21:00:00,17.6,0,0,0,0
2024-01-23 22:00:00,16.1,1,27,77,119
2024-01-23 23:00:00,11.3,1,27,78,117
2024-01-24 00:00:00,12.7,1,27,79,95
2024-01-24 01:00:00,10.2,1,27,79,102
2024-01-24 02:00:00,13.9,1,27,80,101
2024-01-24 03:00:00,15.9,1,27,81,95
2024-01-24 04:00:00,13.6,1,27,81,106
2024-01-24 05:00:00,13.7,1,27,82,111
2024-01-24 06:00:00,14.4,1,27,82,115
2024-01-24 07:00:00,13.5,1,27,82,114
2024-01-24 08:00:00,15.4,1,27,79,111
2024-01-24 09:00:00,14.3,1,28,76,109
2024-01-24 10:00:00,14.2,1,30,68,111
2024-01-24 11:00:00,13.6,1,30,64,150
2024-01-24 12:00:00,12.8,1,30,60,134
2024-01-24 13:00:00,18.3,1,30,63,151
2024-01-24 14:00:00,15.8,1,28,80,123
2024-01-24 15:00:00,15.5,1,29,73,128
2024-01-24 16:00:00,16.7,1,28,74,154
2024-01-24 17:00:00,15.5,1,27,79,119
2024-01-24 18:00:00,14.3,1,27,79,126
2024-01-24 19:00:00,14.7,1,27,80,126
2024-01-24 20:00:00,15.0,1,27,81,136
2024-01-24 21:00:00,15.7,1,27,83,127
2024-01-24 22:00:00,10.9,1,26,85,128
2024-01-24 23:00:00,8.4,1,26,87,130
2024-01-25 00:00:00,9.3,1,26,86,114
2024-01-25 01:00:00,11.2,1,26,84,120
2024-01-25 02:00:00,19.2,1,26,84,132
2024-01-25 03:00:00,13.0,1,26,85,115
2024-01-25 04:00:00,12.3,1,26,85,165
2024-01-25 05:00:00,12.3,1,26,85,129
2024-01-25 06:00:00,13.5,1,26,86,163
2024-01-25 07:00:00,11.8,1,26,87,191
2024-01-25 08:00:00,7.5,1,25,89,173
2024-01-25 09:00:00,10.0,1,26,90,189
2024-01-25 10:00:00,10.1,1,27,87,214
2024-01-25 11:00:00,9.4,1,28,80,171
2024-01-25 12:00:00,8.4,1,28,79,192
2024-01-25 13:00:00,16.2,1,28,80,155
2024-01-25 14:00:00,17.7,1,27,81,234
2024-01-25 15:00:00,20.6,1,28,75,220
2024-01-25 16:00:00,14.9,1,27,79,172
2024-01-25 17:00:00,12.4,1,27,78,169
2024-01-25 18:00:00,9.6,1,27,82,195
2024-01-25 19:00:00,8.9,0,27,79,168
2024-01-25 20:00:00,18.2,1,26,83,171
2024-01-25 21:00:00,17.2,1,26,82,183
2024-01-25 22:00:00,15.8,1,27,80,136
2024-01-25 23:00:00,14.0,1,27,76,197
2024-01-26 00:00:00,16.2,1,27,75,137
2024-01-26 01:00:00,14.0,1,27,75,156
2024-01-26 02:00:00,10.2,1,27,78,152
2024-01-26 03:00:00,12.5,1,26,86,136
2024-01-26 04:00:00,9.9,1,26,83,169
2024-01-26 05:00:00,7.7,0,26,80,150
2024-01-26 06:00:00,12.6,1,27,79,108
2024-01-26 07:00:00,13.5,1,27,78,101
2024-01-26 08:00:00,9.0,1,28,73,91
2024-01-26 09:00:00,15.8,0,29,70,188
2024-01-26 10:00:00,20.3,1,30,67,225
2024-01-26 11:00:00,14.9,1,31,62,216
2024-01-26 12:00:00,15.5,1,31,61,232
2024-01-26 13:00:00,17.4,1,30,65,223
2024-01-26 14:00:00,17.7,1,30,66,206
2024-01-26 15:00:00,17.9,1,29,69,222
2024-01-26 16:00:00,20.1,2,28,77,234
2024-01-26 17:00:00,16.1,1,27,80,208
2024-01-26 18:00:00,15.7,1,27,79,180
2024-01-26 19:00:00,17.0,1,27,78,193
2024-01-26 20:00:00,22.6,1,27,77,191
2024-01-26 21:00:00,24.2,1,27,76,179
2024-01-26 22:00:00,23.3,1,27,77,172
2024-01-26 23:00:00,16.9,1,27,77,184
2024-01-27 00:00:00,22.9,1,27,77,157
2024-01-27 01:00:00,19.5,1,27,78,156
2024-01-27 02:00:00,14.9,1,27,77,127
2024-01-27 03:00:00,17.8,1,26,78,124
2024-01-27 04:00:00,15.1,1,26,79,111
2024-01-27 05:00:00,19.1,1,26,80,107
2024-01-27 06:00:00,20.3,1,26,80,113
2024-01-27 07:00:00,18.5,0,27,77,123
2024-01-27 08:00:00,14.4,1,28,68,150
2024-01-27 09:00:00,14.5,1,29,63,201
2024-01-27 10:00:00,18.8,0,29,65,190
2024-01-27 11:00:00,13.8,1,31,56,233
2024-01-27 12:00:00,14.0,1,31,59,191
2024-01-27 13:00:00,18.4,0,31,58,159
2024-01-27 14:00:00,21.1,0,30,63,173
2024-01-27 15:00:00,20.2,1,30,65,176
2024-01-27 16:00:00,16.1,1,29,65,192
2024-01-27 17:00:00,14.3,1,28,72,207
2024-01-27 18:00:00,15.5,1,27,74,227
2024-01-27 19:00:00,12.1,1,27,75,201
2024-01-27 20:00:00,13.3,1,27,77,182
2024-01-27 21:00:00,16.7,1,27,76,173
2024-01-27 22:00:00,17.0,1,27,75,172
2024-01-27 23:00:00,13.1,1,27,76,122
2024-01-28 00:00:00,11.8,1,26,78,108
2024-01-28 01:00:00,14.4,1,26,78,110
2024-01-28 02:00:00,24.2,1,26,78,102
2024-01-28 03:00:00,21.0,1,26,78,111
2024-01-28 04:00:00,18.0,0,26,78,141
2024-01-28 05:00:00,13.6,1,26,78,134
2024-01-28 06:00:00,17.6,1,26,76,119
2024-01-28 07:00:00,12.2,1,26,74,104
2024-01-28 08:00:00,13.9,1,28,70,106
2024-01-28 09:00:00,22.1,0,29,66,192
2024-01-28 10:00:00,17.3,1,29,64,191
2024-01-28 11:00:00,13.8,0,30,60,232
2024-01-28 12:00:00,12.4,1,31,57,199
2024-01-28 13:00:00,18.5,1,31,57,210
2024-01-28 14:00:00,14.6,1,31,58,210
2024-01-28 15:00:00,13.1,1,31,57,165
2024-01-28 16:00:00,18.8,1,30,60,198
2024-01-28 17:00:00,18.9,0,29,66,205
2024-01-28 18:00:00,20.8,1,28,70,219
2024-01-28 19:00:00,20.9,1,27,73,188
2024-01-28 20:00:00,21.6,1,27,74,155
2024-01-28 21:00:00,18.3,1,27,75,170
2024-01-28 22:00:00,21.6,1,27,74,145
2024-01-28 23:00:00,14.2,1,27,74,120
2024-01-29 00:00:00,10.8,1,27,75,114
2024-01-29 01:00:00,12.1,1,26,77,109
2024-01-29 02:00:00,21.6,1,26,77,106
2024-01-29 03:00:00,20.0,1,26,77,107
2024-01-29 04:00:00,19.7,1,26,77,119
2024-01-29 05:00:00,15.6,1,25,83,131
2024-01-29 06:00:00,16.2,1,25,87,113
2024-01-29 07:00:00,10.5,1,26,82,128
2024-01-29 08:00:00,15.8,1,27,77,116
2024-01-29 09:00:00,12.1,1,28,72,193
2024-01-29 10:00:00,14.7,1,30,65,218
2024-01-29 11:00:00,16.2,0,30,61,227
2024-01-29 12:00:00,16.9,1,31,59,202
2024-01-29 13:00:00,15.6,0,31,56,205
2024-01-29 14:00:00,19.6,1,31,55,202
2024-01-29 15:00:00,21.4,1,31,57,194
2024-01-29 16:00:00,16.1,1,30,58,188
2024-01-29 17:00:00,25.1,1,29,61,142
2024-01-29 18:00:00,20.1,1,28,70,152
2024-01-29 19:00:00,18.0,1,27,73,202
2024-01-29 20:00:00,20.3,1,27,73,149
2024-01-29 21:00:00,23.5,1,27,73,134
2024-01-29 22:00:00,17.9,1,27,74,123
2024-01-29 23:00:00,10.5,1,27,79,127
2024-01-30 00:00:00,12.2,1,26,82,172
2024-01-30 01:00:00,11.8,1,26,80,175
2024-01-30 02:00:00,18.0,1,25,85,134
2024-01-30 03:00:00,9.6,1,25,82,167
2024-01-30 04:00:00,12.5,1,26,81,103
2024-01-30 05:00:00,12.5,1,26,82,108
2024-01-30 06:00:00,10.4,1,26,83,121
2024-01-30 07:00:00,18.7,1,26,81,125
2024-01-30 08:00:00,17.5,1,28,74,120
2024-01-30 09:00:00,17.2,1,29,67,167
2024-01-30 10:00:00,12.7,0,30,60,148
2024-01-30 11:00:00,14.9,0,31,56,193
2024-01-30 12:00:00,15.3,1,32,52,198
2024-01-30 13:00:00,18.9,1,32,52,166
2024-01-30 14:00:00,15.8,1,32,50,188
2024-01-30 15:00:00,17.4,1,32,52,184
2024-01-30 16:00:00,16.3,1,31,55,139
2024-01-30 17:00:00,21.5,1,29,61,130
2024-01-30 18:00:00,16.4,1,28,67,131
2024-01-30 19:00:00,24.0,1,28,71,120
2024-01-30 20:00:00,21.0,1,27,72,120
2024-01-30 21:00:00,22.1,1,27,73,121
2024-01-30 22:00:00,14.7,1,27,75,117
2024-01-30 23:00:00,14.3,1,27,76,118
2024-01-31 00:00:00,18.0,0,26,78,113
2024-01-31 01:00:00,18.7,0,26,79,107
2024-01-31 02:00:00,23.7,1,26,78,108
2024-01-31 03:00:00,17.1,1,26,79,114
2024-01-31 04:00:00,14.8,1,26,82,112
2024-01-31 05:00:00,19.8,0,26,85,108
2024-01-31 06:00:00,15.8,0,25,88,107
2024-01-31 07:00:00,21.7,0,26,86,108
2024-01-31 08:00:00,21.2,1,28,75,110
2024-01-31 09:00:00,16.1,1,29,68,127
2024-01-31 10:00:00,15.0,1,30,59,164
2024-01-31 11:00:00,13.3,1,31,58,164
2024-01-31 12:00:00,14.0,1,31,55,189
2024-01-31 13:00:00,17.4,1,31,54,184
2024-01-31 14:00:00,16.3,1,31,54,161
2024-01-31 15:00:00,12.9,1,31,54,180
2024-01-31 16:00:00,8.2,1,31,56,153
2024-01-31 17:00:00,12.6,1,29,65,153
2024-01-31 18:00:00,14.5,1,28,71,150
2024-01-31 19:00:00,14.7,1,28,75,117
2024-01-31 20:00:00,20.0,1,27,76,119
2024-01-31 21:00:00,18.7,1,27,77,118
2024-01-31 22:00:00,16.7,1,27,81,108
2024-01-31 23:00:00,24.3,1,26,81,111
2024-02-01 00:00:00,19.6,0,26,82,110
2024-02-01 01:00:00,19.2,0,26,85,108
2024-02-01 02:00:00,19.0,0,26,86,106
2024-02-01 03:00:00,17.8,0,25,88,111
2024-02-01 04:00:00,13.8,0,25,89,116
2024-02-01 05:00:00,19.7,0,25,89,114
2024-02-01 06:00:00,18.0,0,25,89,105
2024-02-01 07:00:00,23.9,0,26,85,105
2024-02-01 08:00:00,29.9,1,28,78,111
2024-02-01 09:00:00,23.5,1,29,70,121
2024-02-01 10:00:00,19.5,1,30,61,142
2024-02-01 11:00:00,17.8,1,31,57,171
2024-02-01 12:00:00,18.9,1,32,53,160
2024-02-01 13:00:00,17.5,1,32,52,171
2024-02-01 14:00:00,17.9,1,32,51,164
2024-02-01 15:00:00,16.7,1,31,52,167
2024-02-01 16:00:00,13.1,1,31,54,166
2024-02-01 17:00:00,17.8,1,29,62,135
2024-02-01 18:00:00,13.0,1,28,68,126
2024-02-01 19:00:00,22.5,1,28,73,117
2024-02-01 20:00:00,21.9,1,27,75,113
2024-02-01 21:00:00,22.3,1,27,77,111
2024-02-01 22:00:00,20.7,1,27,80,113
2024-02-01 23:00:00,25.6,1,26,83,109
2024-02-02 00:00:00,30.9,0,26,84,109
2024-02-02 01:00:00,25.9,0,26,86,108
2024-02-02 02:00:00,27.4,0,25,86,107
2024-02-02 03:00:00,18.4,0,25,89,105
2024-02-02 04:00:00,25.1,0,25,89,105
2024-02-02 05:00:00,29.3,0,24,91,103
2024-02-02 06:00:00,30.1,0,24,91,104
2024-02-02 07:00:00,29.6,0,25,90,105
2024-02-02 08:00:00,32.4,0,27,81,109
2024-02-02 09:00:00,31.8,1,29,68,113
2024-02-02 10:00:00,19.3,1,31,59,127
2024-02-02 11:00:00,15.8,1,32,54,169
2024-02-02 12:00:00,18.4,1,32,52,191
2024-02-02 13:00:00,16.5,1,32,52,172
2024-02-02 14:00:00,15.0,1,32,50,141
2024-02-02 15:00:00,13.6,1,32,52,168
2024-02-02 16:00:00,14.4,1,31,57,153
2024-02-02 17:00:00,10.7,1,30,64,158
2024-02-02 18:00:00,11.9,1,29,70,116
2024-02-02 19:00:00,16.7,1,28,74,122
2024-02-02 20:00:00,16.7,1,27,77,116
2024-02-02 21:00:00,23.6,1,27,79,116
2024-02-02 22:00:00,17.3,1,27,80,110
2024-02-02 23:00:00,19.4,0,27,81,110
2024-02-03 00:00:00,17.2,0,26,82,109
2024-02-03 01:00:00,18.6,0,26,84,108
2024-02-03 02:00:00,22.2,0,26,85,107
2024-02-03 03:00:00,21.9,1,26,80,117
2024-02-03 04:00:00,17.3,1,26,79,116
2024-02-03 05:00:00,16.1,1,26,78,114
2024-02-03 06:00:00,14.6,0,25,87,107
2024-02-03 07:00:00,25.8,0,26,87,108
2024-02-03 08:00:00,33.8,1,28,74,111
2024-02-03 09:00:00,20.5,1,29,66,124
2024-02-03 10:00:00,12.5,1,30,61,134
2024-02-03 11:00:00,18.8,1,32,55,138
2024-02-03 12:00:00,12.9,1,32,52,164
2024-02-03 13:00:00,11.3,1,32,51,148
2024-02-03 14:00:00,12.0,1,33,50,149
2024-02-03 15:00:00,19.2,1,32,52,167
2024-02-03 16:00:00,14.1,1,31,57,186
2024-02-03 17:00:00,11.9,1,30,65,188
2024-02-03 18:00:00,13.1,1,28,70,182
2024-02-03 19:00:00,20.9,1,28,72,140
2024-02-03 20:00:00,20.2,1,28,74,119
2024-02-03 21:00:00,16.8,1,27,76,112
2024-02-03 22:00:00,15.5,1,27,77,111
2024-02-03 23:00:00,10.5,0,27,78,107
2024-02-04 00:00:00,12.7,0,27,79,108
2024-02-04 01:00:00,13.0,0,27,80,106
2024-02-04 02:00:00,9.9,0,27,78,100
2024-02-04 03:00:00,13.2,0,26,81,96
2024-02-04 04:00:00,14.2,0,26,84,100
2024-02-04 05:00:00,15.7,0,25,89,107
2024-02-04 06:00:00,23.3,0,25,89,103
2024-02-04 07:00:00,24.0,0,25,87,107
2024-02-04 08:00:00,29.4,1,28,73,110
2024-02-04 09:00:00,19.3,1,30,63,95
2024-02-04 10:00:00,16.4,1,31,58,109
2024-02-04 11:00:00,17.4,1,33,54,121
2024-02-04 12:00:00,17.2,2,33,52,122
2024-02-04 13:00:00,15.4,2,33,54,137
2024-02-04 14:00:00,17.6,3,33,55,140
2024-02-04 15:00:00,20.5,3,32,55,145
2024-02-04 16:00:00,20.7,2,31,57,140
2024-02-04 17:00:00,25.7,2,30,63,138
2024-02-04 18:00:00,21.7,1,29,68,128
2024-02-04 19:00:00,22.7,1,28,72,128
2024-02-04 20:00:00,26.5,1,28,75,112
2024-02-04 21:00:00,22.9,1,27,78,111
2024-02-04 22:00:00,29.1,0,27,78,107
2024-02-04 23:00:00,27.4,0,27,77,108
2024-02-05 00:00:00,22.2,0,27,79,106
2024-02-05 01:00:00,28.9,0,26,84,102
2024-02-05 02:00:00,36.0,0,26,85,99
2024-02-05 03:00:00,31.0,0,25,86,102
2024-02-05 04:00:00,27.9,0,25,88,100
2024-02-05 05:00:00,31.2,0,25,89,102
2024-02-05 06:00:00,30.2,0,25,89,101
2024-02-05 07:00:00,33.8,0,25,89,113
2024-02-05 08:00:00,39.3,1,27,81,106
2024-02-05 09:00:00,43.4,1,29,72,116
2024-02-05 10:00:00,26.9,1,30,62,124
2024-02-05 11:00:00,25.3,2,32,59,124
2024-02-05 12:00:00,26.8,2,33,53,130
2024-02-05 13:00:00,22.0,1,33,49,139
2024-02-05 14:00:00,21.4,1,33,47,159
2024-02-05 15:00:00,24.6,1,33,49,147
2024-02-05 16:00:00,22.5,1,32,53,134
2024-02-05 17:00:00,25.3,1,31,58,149
2024-02-05 18:00:00,15.0,1,29,63,123
2024-02-05 19:00:00,19.5,1,28,71,113
2024-02-05 20:00:00,17.4,1,28,74,109
2024-02-05 21:00:00,16.3,1,28,76,112
2024-02-05 22:00:00,16.0,0,27,78,111
2024-02-05 23:00:00,17.4,1,27,78,114
2024-02-06 00:00:00,16.527314578005114,1,27,76,119
2024-02-06 01:00:00,16.527314578005114,0,27,77,103
2024-02-06 02:00:00,19.8,0,26,83,101
2024-02-06 03:00:00,23.1,0,26,85,103
2024-02-06 04:00:00,20.7,0,25,87,104
2024-02-06 05:00:00,24.0,0,25,89,106
2024-02-06 06:00:00,23.4,0,25,89,106
2024-02-06 07:00:00,26.3,0,25,89,107
2024-02-06 08:00:00,31.0,1,26,85,111
2024-02-06 09:00:00,32.9,2,28,77,120
2024-02-06 10:00:00,26.2,2,30,68,126
2024-02-06 11:00:00,20.3,2,31,63,126
2024-02-06 12:00:00,19.5,2,32,55,131
2024-02-06 13:00:00,13.5,1,33,50,159
2024-02-06 14:00:00,12.9,1,33,50,173
2024-02-06 15:00:00,11.1,1,33,50,148
2024-02-06 16:00:00,16.527314578005114,1,32,53,166
2024-02-06 17:00:00,16.527314578005114,2,31,57,128
2024-02-06 18:00:00,12.5,1,30,63,125
2024-02-06 19:00:00,13.9,1,29,71,115
2024-02-06 20:00:00,20.0,1,28,75,113
2024-02-06 21:00:00,19.3,1,28,77,111
2024-02-06 22:00:00,17.7,1,28,79,112
2024-02-06 23:00:00,18.8,0,28,80,107
2024-02-07 00:00:00,17.1,0,28,80,105
2024-02-07 01:00:00,13.3,1,27,83,105
2024-02-07 02:00:00,18.8,0,26,86,103
2024-02-07 03:00:00,22.5,0,26,85,94
2024-02-07 04:00:00,18.2,1,26,86,95
2024-02-07 05:00:00,27.0,0,26,88,101
2024-02-07 06:00:00,31.5,0,25,89,99
2024-02-07 07:00:00,24.8,0,26,85,100
2024-02-07 08:00:00,28.4,1,28,74,119
2024-02-07 09:00:00,22.3,1,30,65,122
2024-02-07 10:00:00,22.5,1,31,57,120
2024-02-07 11:00:00,20.3,2,33,49,136
2024-02-07 12:00:00,16.9,1,33,45,165
2024-02-07 13:00:00,16.7,1,33,45,160
2024-02-07 14:00:00,14.9,1,33,44,137
2024-02-07 15:00:00,20.5,1,33,46,153
2024-02-07 16:00:00,15.6,1,32,48,175
2024-02-07 17:00:00,18.5,2,30,58,134
2024-02-07 18:00:00,20.0,2,29,67,126
2024-02-07 19:00:00,23.1,1,29,71,115
2024-02-07 20:00:00,20.3,1,28,71,109
2024-02-07 21:00:00,21.1,1,28,72,111
2024-02-07 22:00:00,20.9,1,27,75,111
2024-02-07 23:00:00,20.4,0,27,77,110
2024-02-08 00:00:00,20.8,0,27,79,105
2024-02-08 01:00:00,17.0,0,27,81,100
2024-02-08 02:00:00,16.2,1,26,82,95
2024-02-08 03:00:00,25.8,0,26,85,96
2024-02-08 04:00:00,27.2,0,26,85,94
2024-02-08 05:00:00,31.1,0,25,86,100
2024-02-08 06:00:00,29.7,0,25,87,100
2024-02-08 07:00:00,27.8,1,26,87,107
2024-02-08 08:00:00,37.5,1,28,75,102
2024-02-08 09:00:00,34.1,1,30,63,102
2024-02-08 10:00:00,22.6,1,32,55,118
2024-02-08 11:00:00,18.8,2,33,52,123
2024-02-08 12:00:00,15.3,1,34,44,141
2024-02-08 13:00:00,13.9,1,34,46,163
2024-02-08 14:00:00,11.4,1,33,46,152
2024-02-08 15:00:00,14.8,2,33,46,149
2024-02-08 16:00:00,15.2,2,32,52,137
2024-02-08 17:00:00,14.1,2,31,59,141
2024-02-08 18:00:00,18.2,1,29,67,137
2024-02-08 19:00:00,15.7,1,29,72,119
2024-02-08 20:00:00,16.4,1,28,74,114
2024-02-08 21:00:00,18.1,1,28,76,112
2024-02-08 22:00:00,18.9,1,28,77,109
2024-02-08 23:00:00,24.4,1,28,77,107
2024-02-09 00:00:00,20.9,0,27,76,103
2024-02-09 01:00:00,13.3,0,27,81,101
2024-02-09 02:00:00,18.8,0,27,83,104
2024-02-09 03:00:00,18.1,0,27,83,101
2024-02-09 04:00:00,24.1,0,26,84,103
2024-02-09 05:00:00,28.6,0,26,87,105
2024-02-09 06:00:00,31.8,0,26,87,100
2024-02-09 07:00:00,27.5,0,26,83,103
2024-02-09 08:00:00,31.5,1,29,72,115
2024-02-09 09:00:00,20.7,1,30,67,123
2024-02-09 10:00:00,24.7,1,31,63,133
2024-02-09 11:00:00,28.8,1,32,56,136
2024-02-09 12:00:00,27.4,1,33,51,137
2024-02-09 13:00:00,28.6,1,33,50,170
2024-02-09 14:00:00,28.5,1,33,50,200
2024-02-09 15:00:00,28.4,1,33,49,166
2024-02-09 16:00:00,16.527314578005114,1,32,53,154
2024-02-09 17:00:00,23.8,1,30,56,175
2024-02-09 18:00:00,18.1,1,29,64,131
2024-02-09 19:00:00,16.4,1,28,66,203
2024-02-09 20:00:00,19.2,1,28,67,172
2024-02-09 21:00:00,16.9,1,28,67,140
2024-02-09 22:00:00,18.3,1,28,69,119
2024-02-09 23:00:00,19.4,1,28,70,112
2024-02-10 00:00:00,16.2,1,27,70,105
2024-02-10 01:00:00,16.2,1,27,71,101
2024-02-10 02:00:00,15.1,0,26,73,95
2024-02-10 03:00:00,18.2,0,26,76,98
2024-02-10 04:00:00,18.5,0,26,79,97
2024-02-10 05:00:00,22.3,1,26,76,105
2024-02-10 06:00:00,21.4,0,25,84,103
2024-02-10 07:00:00,22.2,1,26,80,107
2024-02-10 08:00:00,25.1,1,28,70,105
2024-02-10 09:00:00,21.4,1,29,65,125
2024-02-10 10:00:00,24.8,1,31,58,159
2024-02-10 11:00:00,17.7,1,32,55,184
2024-02-10 12:00:00,15.6,1,32,52,231
2024-02-10 13:00:00,17.3,1,33,51,216
2024-02-10 14:00:00,14.9,1,33,50,220
2024-02-10 15:00:00,15.9,1,33,51,195
2024-02-10 16:00:00,17.6,1,32,54,203
2024-02-10 17:00:00,20.9,1,31,57,168
2024-02-10 18:00:00,17.0,1,29,64,200
2024-02-10 19:00:00,18.1,1,29,65,159
2024-02-10 20:00:00,26.2,1,29,65,132
2024-02-10 21:00:00,25.1,1,28,65,136
2024-02-10 22:00:00,24.6,1,28,67,106
2024-02-10 23:00:00,25.0,1,28,69,96
2024-02-11 00:00:00,22.7,1,28,71,110
2024-02-11 01:00:00,24.4,1,27,71,107
2024-02-11 02:00:00,22.5,1,28,68,121
2024-02-11 03:00:00,21.0,1,27,67,110
2024-02-11 04:00:00,18.9,1,27,72,92
2024-02-11 05:00:00,16.2,1,27,71,81
2024-02-11 06:00:00,15.4,1,27,71,85
2024-02-11 07:00:00,19.0,1,27,67,86
2024-02-11 08:00:00,22.2,1,28,64,121
2024-02-11 09:00:00,21.7,1,29,60,139
2024-02-11 10:00:00,25.1,0,30,56,222
2024-02-11 11:00:00,18.2,1,31,53,228
2024-02-11 12:00:00,18.2,2,32,48,239
2024-02-11 13:00:00,16.8,2,32,47,245
2024-02-11 14:00:00,17.7,2,32,46,238
2024-02-11 15:00:00,19.5,1,32,50,219
2024-02-11 16:00:00,21.5,1,31,52,235
2024-02-11 17:00:00,19.3,1,30,57,218
2024-02-11 18:00:00,17.2,1,29,62,171
2024-02-11 19:00:00,18.8,1,28,63,160
2024-02-11 20:00:00,16.527314578005114,1,28,63,141
2024-02-11 21:00:00,16.527314578005114,1,28,63,146
2024-02-11 22:00:00,20.2,1,28,64,128
2024-02-11 23:00:00,24.0,1,28,67,110
2024-02-12 00:00:00,20.7,1,27,68,112
2024-02-12 01:00:00,22.2,1,27,70,92
2024-02-12 02:00:00,22.6,1,27,70,88
2024-02-12 03:00:00,21.5,1,27,70,109
2024-02-12 04:00:00,18.7,1,27,71,93
2024-02-12 05:00:00,20.6,1,26,72,106
2024-02-12 06:00:00,21.4,1,26,72,103
2024-02-12 07:00:00,25.9,1,27,70,75
2024-02-12 08:00:00,27.8,1,28,69,101
2024-02-12 09:00:00,24.5,1,29,65,136
2024-02-12 10:00:00,19.3,1,30,56,230
2024-02-12 11:00:00,21.9,1,31,52,225
2024-02-12 12:00:00,22.8,1,32,49,225
2024-02-12 13:00:00,20.8,1,32,47,226
2024-02-12 14:00:00,19.3,2,32,48,241
2024-02-12 15:00:00,19.7,2,31,49,241
2024-02-12 16:00:00,17.1,1,31,52,205
2024-02-12 17:00:00,22.2,1,30,57,230
2024-02-12 18:00:00,20.7,1,28,63,198
2024-02-12 19:00:00,22.2,1,28,65,205
2024-02-12 20:00:00,20.5,1,28,67,193
2024-02-12 21:00:00,20.2,1,28,69,207
2024-02-12 22:00:00,21.1,1,27,70,170
2024-02-12 23:00:00,22.5,2,27,71,211
2024-02-13 00:00:00,25.1,1,27,72,215
2024-02-13 01:00:00,22.3,1,27,70,214
2024-02-13 02:00:00,16.2,1,27,67,201
2024-02-13 03:00:00,19.2,1,27,68,123
2024-02-13 04:00:00,16.5,1,27,73,104
2024-02-13 05:00:00,17.3,1,27,73,115
2024-02-13 06:00:00,20.0,1,26,75,115
2024-02-13 07:00:00,25.8,1,27,75,124
2024-02-13 08:00:00,22.2,1,28,70,105
2024-02-13 09:00:00,22.3,1,29,66,140
2024-02-13 10:00:00,18.0,1,30,60,148
2024-02-13 11:00:00,21.1,1,31,53,176
2024-02-13 12:00:00,21.2,1,32,51,209
2024-02-13 13:00:00,20.2,1,32,52,204
2024-02-13 14:00:00,19.0,1,32,52,196
2024-02-13 15:00:00,15.3,1,31,56,172
2024-02-13 16:00:00,18.0,1,30,58,210
2024-02-13 17:00:00,19.5,1,29,60,175
2024-02-13 18:00:00,20.6,1,29,65,158
2024-02-13 19:00:00,25.6,1,28,69,141
2024-02-13 20:00:00,19.2,1,28,70,131
2024-02-13 21:00:00,18.3,1,28,68,133
2024-02-13 22:00:00,17.2,1,28,70,134
2024-02-13 23:00:00,15.8,1,28,71,125
2024-02-14 00:00:00,18.7,1,28,71,125
2024-02-14 01:00:00,21.5,1,27,77,113
2024-02-14 02:00:00,15.2,1,26,84,116
2024-02-14 03:00:00,13.8,1,27,80,141
2024-02-14 04:00:00,13.3,1,26,83,123
2024-02-14 05:00:00,12.3,1,26,79,179
2024-02-14 06:00:00,15.2,1,26,82,132
2024-02-14 07:00:00,20.8,1,26,85,137
2024-02-14 08:00:00,16.3,1,27,85,131
2024-02-14 09:00:00,19.2,1,28,77,137
2024-02-14 10:00:00,18.3,1,30,66,219
2024-02-14 11:00:00,19.1,1,30,68,207
2024-02-14 12:00:00,17.8,1,32,59,228
2024-02-14 13:00:00,18.2,1,32,59,212
2024-02-14 14:00:00,17.8,1,32,59,189
2024-02-14 15:00:00,23.9,1,31,61,173
2024-02-14 16:00:00,15.6,1,30,63,216
2024-02-14 17:00:00,17.6,1,30,66,194
2024-02-14 18:00:00,19.6,1,29,71,204
2024-02-14 19:00:00,26.3,1,28,73,191
2024-02-14 20:00:00,23.1,1,28,74,187
2024-02-14 21:00:00,21.3,1,28,75,158
2024-02-14 22:00:00,20.9,1,28,74,134
2024-02-14 23:00:00,15.4,1,28,74,104
2024-02-15 00:00:00,15.9,1,27,77,121
2024-02-15 01:00:00,19.9,1,27,78,135
2024-02-15 02:00:00,18.3,1,27,78,157
2024-02-15 03:00:00,10.6,1,27,79,145
2024-02-15 04:00:00,13.3,1,27,80,143
2024-02-15 05:00:00,12.1,1,27,80,143
2024-02-15 06:00:00,18.9,1,27,81,122
2024-02-15 07:00:00,23.3,1,27,79,124
2024-02-15 08:00:00,23.3,1,29,70,148
2024-02-15 09:00:00,13.2,0,31,61,165
2024-02-15 10:00:00,22.4,1,31,57,224
2024-02-15 11:00:00,18.8,1,32,55,229
2024-02-15 12:00:00,18.2,1,32,51,253
2024-02-15 13:00:00,17.8,1,33,50,233
2024-02-15 14:00:00,18.6,1,33,51,217
2024-02-15 15:00:00,13.4,1,32,53,198
2024-02-15 16:00:00,15.8,1,32,56,189
2024-02-15 17:00:00,17.6,1,30,61,198
2024-02-15 18:00:00,16.1,1,29,66,207
2024-02-15 19:00:00,16.9,1,28,70,208
2024-02-15 20:00:00,19.3,1,28,71,202
2024-02-15 21:00:00,13.2,1,28,73,177
2024-02-15 22:00:00,23.3,1,28,73,120
2024-02-15 23:00:00,17.9,1,28,74,120
2024-02-16 00:00:00,22.7,1,28,73,113
2024-02-16 01:00:00,16.9,1,28,74,109
2024-02-16 02:00:00,17.7,1,27,75,115
2024-02-16 03:00:00,12.2,1,27,76,99
2024-02-16 04:00:00,13.9,1,27,78,105
2024-02-16 05:00:00,12.8,1,27,78,115
2024-02-16 06:00:00,19.9,1,27,79,99
2024-02-16 07:00:00,19.9,1,27,76,106
2024-02-16 08:00:00,20.4,1,29,70,108
2024-02-16 09:00:00,16.0,1,30,61,121
2024-02-16 10:00:00,19.2,1,31,54,152
2024-02-16 11:00:00,15.8,1,32,52,188
2024-02-16 12:00:00,16.2,1,32,50,222
2024-02-16 13:00:00,14.4,1,33,47,204
2024-02-16 14:00:00,18.2,1,33,47,147
2024-02-16 15:00:00,9.2,1,33,46,152
2024-02-16 16:00:00,17.1,1,32,52,192
2024-02-16 17:00:00,15.2,1,30,60,148
2024-02-16 18:00:00,20.3,1,29,67,138
2024-02-16 19:00:00,19.1,1,28,71,129
2024-02-16 20:00:00,19.6,1,28,71,124
2024-02-16 21:00:00,14.4,1,28,72,111
2024-02-16 22:00:00,15.4,1,28,73,113
2024-02-16 23:00:00,16.2,1,28,74,110
2024-02-17 00:00:00,17.8,1,27,75,111
2024-02-17 01:00:00,14.5,1,27,75,102
2024-02-17 02:00:00,14.7,1,27,77,95
2024-02-17 03:00:00,16.2,1,27,77,110
2024-02-17 04:00:00,17.1,1,26,78,117
2024-02-17 05:00:00,16.2,1,26,77,117
2024-02-17 06:00:00,21.0,1,26,78,113
2024-02-17 07:00:00,26.1,1,27,77,130
2024-02-17 08:00:00,19.2,1,28,71,115
2024-02-17 09:00:00,17.1,1,29,64,120
2024-02-17 10:00:00,22.4,1,30,57,147
2024-02-17 11:00:00,21.3,1,32,50,151
2024-02-17 12:00:00,23.2,1,32,46,160
2024-02-17 13:00:00,20.8,1,33,40,161
2024-02-17 14:00:00,15.6,1,33,42,159
2024-02-17 15:00:00,18.5,2,32,47,157
2024-02-17 16:00:00,21.0,1,32,50,152
2024-02-17 17:00:00,17.2,1,30,55,155
2024-02-17 18:00:00,15.3,1,29,64,180
2024-02-17 19:00:00,18.5,1,28,68,165
2024-02-17 20:00:00,19.2,1,28,70,137
2024-02-17 21:00:00,15.7,1,28,69,123
2024-02-17 22:00:00,22.6,1,28,69,112
2024-02-17 23:00:00,17.1,1,28,70,106
2024-02-18 00:00:00,17.1,1,27,71,103
2024-02-18 01:00:00,14.6,1,27,72,110
2024-02-18 02:00:00,16.3,1,27,75,107
2024-02-18 03:00:00,16.7,1,27,76,109
2024-02-18 04:00:00,14.6,1,27,75,112
2024-02-18 05:00:00,17.0,0,26,77,107
2024-02-18 06:00:00,23.8,1,26,76,112
2024-02-18 07:00:00,23.6,1,27,75,114
2024-02-18 08:00:00,22.2,1,29,68,120
2024-02-18 09:00:00,16.527314578005114,1,30,61,121
2024-02-18 10:00:00,16.527314578005114,1,31,57,126
2024-02-18 11:00:00,17.9,1,32,53,159
2024-02-18 12:00:00,18.6,1,32,54,202
2024-02-18 13:00:00,17.3,1,32,55,218
2024-02-18 14:00:00,17.2,1,32,58,199
2024-02-18 15:00:00,14.8,1,31,60,180
2024-02-18 16:00:00,16.0,1,30,65,160
2024-02-18 17:00:00,18.0,1,29,68,131
2024-02-18 18:00:00,21.0,1,29,69,120
2024-02-18 19:00:00,22.7,1,27,81,116
2024-02-18 20:00:00,21.5,1,27,86,111
2024-02-18 21:00:00,27.0,0,27,82,106
2024-02-18 22:00:00,24.7,1,28,78,105
2024-02-18 23:00:00,14.2,1,28,77,107
2024-02-19 00:00:00,14.4,1,28,76,108
2024-02-19 01:00:00,17.5,1,28,76,106
2024-02-19 02:00:00,14.0,0,28,76,104
2024-02-19 03:00:00,13.6,1,28,74,96
2024-02-19 04:00:00,14.4,1,27,78,94
2024-02-19 05:00:00,13.2,1,27,78,102
2024-02-19 06:00:00,13.5,0,27,78,102
2024-02-19 07:00:00,19.7,1,28,76,96
2024-02-19 08:00:00,19.0,1,29,71,112
2024-02-19 09:00:00,10.2,1,31,61,115
2024-02-19 10:00:00,13.5,1,31,57,136
2024-02-19 11:00:00,14.4,1,32,55,147
2024-02-19 12:00:00,14.7,2,32,55,139
2024-02-19 13:00:00,10.6,1,33,52,155
2024-02-19 14:00:00,11.9,1,33,57,169
2024-02-19 15:00:00,9.8,1,31,60,157
2024-02-19 16:00:00,8.5,1,31,60,177
2024-02-19 17:00:00,12.7,1,30,65,144
2024-02-19 18:00:00,14.1,1,29,69,126
2024-02-19 19:00:00,20.0,1,29,74,119
2024-02-19 20:00:00,18.8,1,28,77,110
2024-02-19 21:00:00,19.8,1,28,78,112
2024-02-19 22:00:00,23.5,1,28,78,115
2024-02-19 23:00:00,13.0,1,28,78,117
2024-02-20 00:00:00,11.3,1,28,78,111
2024-02-20 01:00:00,15.2,0,27,83,111
2024-02-20 02:00:00,19.2,0,27,85,107
2024-02-20 03:00:00,11.8,0,27,87,107
2024-02-20 04:00:00,14.3,0,27,87,107
2024-02-20 05:00:00,18.9,0,26,88,106
2024-02-20 06:00:00,26.2,0,26,89,106
2024-02-20 07:00:00,28.9,0,27,85,105
2024-02-20 08:00:00,31.4,1,29,69,112
2024-02-20 09:00:00,19.0,1,31,62,93
2024-02-20 10:00:00,15.7,1,32,56,104
2024-02-20 11:00:00,17.8,1,34,48,127
2024-02-20 12:00:00,14.5,1,34,47,167
2024-02-20 13:00:00,13.5,1,34,48,170
2024-02-20 14:00:00,9.8,1,34,46,151
2024-02-20 15:00:00,10.7,1,33,52,194
2024-02-20 16:00:00,14.7,1,32,59,175
2024-02-20 17:00:00,13.1,1,30,65,140
2024-02-20 18:00:00,19.0,1,29,70,129
2024-02-20 19:00:00,18.3,1,29,72,115
2024-02-20 20:00:00,13.1,2,29,73,116
2024-02-20 21:00:00,10.9,1,28,73,110
2024-02-20 22:00:00,10.3,1,28,75,108
2024-02-20 23:00:00,11.5,1,28,77,108
