DATETIMEDATA,PM25,PM10,O3,CO,NO2,SO2,WS,TEMP,RH,WD
2024-01-01 00:00:00,18.1,34.0,27.0,0.5,4.0,0.0,3,25,69,29
2024-01-01 01:00:00,15.4,30.0,23.0,0.49,4.0,0.0,2,24,75,30
2024-01-01 02:00:00,13.9,27.0,22.0,0.48,3.0,0.0,2,24,79,22
2024-01-01 03:00:00,7.9,19.0,25.0,0.43,2.0,0.0,2,23,81,45
2024-01-01 04:00:00,6.2,14.0,25.0,0.41,2.0,0.0,3,23,83,54
2024-01-01 05:00:00,5.6,13.0,24.0,0.4,2.0,0.0,2,22,85,56
2024-01-01 06:00:00,5.4,13.0,23.0,0.41,2.0,0.0,3,22,87,57
2024-01-01 07:00:00,5.9,13.0,26.0,0.42,1.0,0.0,3,22,84,58
2024-01-01 08:00:00,5.9,12.0,31.0,0.4,1.0,0.0,4,24,75,60
2024-01-01 09:00:00,6.3,14.0,33.0,0.4,1.0,0.0,3,26,68,65
2024-01-01 10:00:00,6.4,14.0,36.0,0.39,1.0,0.0,2,28,61,38
2024-01-01 11:00:00,5.9,14.0,39.0,0.39,1.0,0.0,2,30,52,23
2024-01-01 12:00:00,5.1,14.0,46.40104849279161,0.34007208387942334,3.677588466579292,0.44495412844036697,3,32,45,357
2024-01-01 13:00:00,4.5,13.0,41.0,0.37,1.0,0.0,3,32,41,350
2024-01-01 14:00:00,4.9,12.0,42.0,0.36,1.0,0.0,3,33,40,7
2024-01-01 15:00:00,5.3,14.0,43.0,0.35,1.0,0.0,3,33,39,14
2024-01-01 16:00:00,5.4,14.0,44.0,0.37,1.0,0.0,2,33,38,352
2024-01-01 17:00:00,6.3,18.0,42.0,0.37,1.0,0.0,2,31,43,27
2024-01-01 18:00:00,11.8,27.0,37.0,0.42,3.0,0.0,1,30,48,41
2024-01-01 19:00:00,14.0,31.0,35.0,0.43,3.0,0.0,1,29,50,41
2024-01-01 20:00:00,13.2,27.0,33.0,0.42,4.0,0.0,1,28,52,53
2024-01-01 21:00:00,22.4,38.0,29.0,0.53,6.0,0.0,2,27,55,7
2024-01-01 22:00:00,46.5,70.0,26.0,0.64,8.0,1.0,2,27,57,3
2024-01-01 23:00:00,25.7,41.0,29.0,0.49,5.0,1.0,2,26,57,17
2024-01-02 00:00:00,17.9,32.0,29.0,0.46,4.0,1.0,2,25,60,32
2024-01-02 01:00:00,22.7,38.0,27.0,0.48,4.0,0.0,2,24,66,53
2024-01-02 02:00:00,16.3,29.0,26.0,0.44,3.0,0.0,3,23,73,55
2024-01-02 03:00:00,14.2,25.0,27.0,0.42,2.0,0.0,3,23,76,64
2024-01-02 04:00:00,14.4,25.0,24.0,0.42,2.0,0.0,2,22,80,64
2024-01-02 05:00:00,15.2,25.0,24.0,0.43,2.0,0.0,3,22,83,60
2024-01-02 06:00:00,16.0,25.0,25.0,0.42,2.0,0.0,3,22,84,64
2024-01-02 07:00:00,15.5,25.0,28.0,0.43,2.0,0.0,3,22,82,61
2024-01-02 08:00:00,14.2,24.0,33.0,0.4,2.0,0.0,3,24,74,61
2024-01-02 09:00:00,13.7,25.0,36.0,0.43,2.0,0.0,3,26,66,57
2024-01-02 10:00:00,12.2,25.0,41.0,0.42,2.0,0.0,3,29,55,49
2024-01-02 11:00:00,10.1,22.0,46.40104849279161,0.34007208387942334,3.677588466579292,0.44495412844036697,3,31,47,5
2024-01-02 12:00:00,8.7,21.0,47.0,0.39,1.0,0.0,3,32,39,354
2024-01-02 13:00:00,7.8,20.0,51.0,0.37,1.0,0.0,3,33,35,1
2024-01-02 14:00:00,8.2,18.0,52.0,0.35,1.0,0.0,3,32,36,7
2024-01-02 15:00:00,8.2,21.0,52.0,0.34,1.0,0.0,2,32,35,4
2024-01-02 16:00:00,8.3,21.0,53.0,0.35,1.0,0.0,2,32,34,340
2024-01-02 17:00:00,8.7,24.0,49.0,0.36,2.0,0.0,2,31,37,50
2024-01-02 18:00:00,11.3,25.0,41.0,0.39,5.0,0.0,1,29,42,68
2024-01-02 19:00:00,14.6,34.0,41.0,0.42,3.0,0.0,2,29,44,62
2024-01-02 20:00:00,15.3,34.0,41.0,0.42,3.0,0.0,2,27,48,60
2024-01-02 21:00:00,28.7,50.0,36.0,0.48,5.0,0.0,1,26,53,40
2024-01-02 22:00:00,52.4,77.0,32.0,0.6,6.0,1.0,2,26,54,30
2024-01-02 23:00:00,33.8,53.0,37.0,0.5,4.0,0.0,2,26,52,12
2024-01-03 00:00:00,27.5,44.0,40.0,0.49,3.0,1.0,2,26,51,8
2024-01-03 01:00:00,23.0,37.0,41.0,0.46,3.0,1.0,2,25,51,359
2024-01-03 02:00:00,22.9,35.0,38.0,0.45,3.0,1.0,2,25,55,6
2024-01-03 03:00:00,26.7,40.0,31.0,0.47,3.0,0.0,2,23,63,54
2024-01-03 04:00:00,22.5,35.0,28.0,0.46,3.0,0.0,2,22,71,59
2024-01-03 05:00:00,17.7,28.0,26.0,0.44,2.0,0.0,3,22,78,61
2024-01-03 06:00:00,17.0,27.0,25.0,0.45,3.0,0.0,2,21,82,63
2024-01-03 07:00:00,14.2,23.0,27.0,0.44,2.0,0.0,3,22,81,60
2024-01-03 08:00:00,12.3,23.0,33.0,0.44,2.0,0.0,4,24,74,55
2024-01-03 09:00:00,10.0,26.0,36.0,0.44,2.0,0.0,3,26,66,57
2024-01-03 10:00:00,8.8,23.0,46.40104849279161,0.34007208387942334,3.677588466579292,0.44495412844036697,3,29,56,42
2024-01-03 11:00:00,7.9,25.0,42.0,0.39,2.0,0.0,3,31,46,34
2024-01-03 12:00:00,7.7,21.0,45.0,0.38,1.0,0.0,3,32,40,353
2024-01-03 13:00:00,8.7,22.0,47.0,0.37,1.0,0.0,3,33,38,349
2024-01-03 14:00:00,7.8,21.0,48.0,0.37,1.0,0.0,3,33,37,7
2024-01-03 15:00:00,7.8,21.0,48.0,0.37,1.0,0.0,3,33,36,24
2024-01-03 16:00:00,7.5,20.0,47.0,0.37,2.0,0.0,2,32,37,38
2024-01-03 17:00:00,7.9,23.0,46.0,0.37,1.0,0.0,2,31,38,44
2024-01-03 18:00:00,10.0,26.0,43.0,0.39,2.0,0.0,2,30,42,41
2024-01-03 19:00:00,11.6,27.0,43.0,0.38,2.0,0.0,2,29,44,44
2024-01-03 20:00:00,17.4,37.0,40.0,0.43,2.0,0.0,2,28,49,46
2024-01-03 21:00:00,25.6,43.0,38.0,0.45,3.0,0.0,2,27,52,51
2024-01-03 22:00:00,19.7,37.0,36.0,0.43,2.0,0.0,3,27,55,51
2024-01-03 23:00:00,15.8,33.0,33.0,0.43,2.0,0.0,3,26,60,54
2024-01-04 00:00:00,14.7,30.0,29.0,0.43,2.0,0.0,2,25,67,40
2024-01-04 01:00:00,12.5,25.0,29.0,0.41,2.0,0.0,3,24,71,53
2024-01-04 02:00:00,9.3,20.0,32.0,0.38,1.0,0.0,3,23,74,50
2024-01-04 03:00:00,7.8,17.0,32.0,0.38,1.0,0.0,3,22,76,54
2024-01-04 04:00:00,6.8,14.0,32.0,0.38,1.0,0.0,3,22,79,59
2024-01-04 05:00:00,7.1,15.0,30.0,0.38,1.0,0.0,3,21,82,61
2024-01-04 06:00:00,8.3,15.0,28.0,0.4,3.0,0.0,2,21,83,60
2024-01-04 07:00:00,10.5,21.0,29.0,0.41,2.0,0.0,3,22,81,56
2024-01-04 08:00:00,14.2,61.0,31.0,0.55,2.0,0.0,3,23,75,56
2024-01-04 09:00:00,11.7,27.0,46.40104849279161,0.34007208387942334,3.677588466579292,0.44495412844036697,3,25,66,54
2024-01-04 10:00:00,12.2,30.0,35.0,0.38,2.0,0.0,3,27,59,52
2024-01-04 11:00:00,11.9,32.0,32.0,0.38,2.0,0.0,2,29,54,43
2024-01-04 12:00:00,11.7,25.0,44.0,0.36,1.0,0.0,2,30,48,352
2024-01-04 13:00:00,11.7,28.0,45.0,0.35,1.0,0.0,2,31,46,330
2024-01-04 14:00:00,10.7,26.0,47.0,0.32,1.0,0.0,2,32,43,328
2024-01-04 15:00:00,10.0,25.0,47.0,0.31,2.0,0.0,2,31,42,352
2024-01-04 16:00:00,9.6,27.0,47.0,0.3,1.0,0.0,3,31,41,354
2024-01-04 17:00:00,10.9,30.0,43.0,0.36,2.0,0.0,2,30,45,31
2024-01-04 18:00:00,20.1,46.0,38.0,0.43,5.0,0.0,1,28,50,51
2024-01-04 19:00:00,13.6,36.0,39.0,0.43,3.0,0.0,2,28,53,60
2024-01-04 20:00:00,25.1,44.0,39.0,0.5,4.0,1.0,2,27,55,58
2024-01-04 21:00:00,30.3,52.0,40.0,0.49,3.0,1.0,2,26,57,49
2024-01-04 22:00:00,25.5,45.0,41.0,0.45,3.0,1.0,2,26,57,52
2024-01-04 23:00:00,20.7,39.0,36.0,0.45,3.0,1.0,2,25,63,45
2024-01-05 00:00:00,19.6,39.0,36.0,0.45,3.0,0.0,2,24,68,53
2024-01-05 01:00:00,18.3,34.0,37.0,0.44,3.0,0.0,2,23,72,38
2024-01-05 02:00:00,16.8,31.0,37.0,0.44,2.0,0.0,3,22,74,58
2024-01-05 03:00:00,17.6,31.0,35.0,0.43,2.0,0.0,3,21,78,60
2024-01-05 04:00:00,23.8,37.0,35.0,0.47,2.0,0.0,2,21,81,63
2024-01-05 05:00:00,22.0,35.0,35.0,0.46,2.0,0.0,3,20,82,59
2024-01-05 06:00:00,21.2,33.0,35.0,0.46,2.0,0.0,3,20,84,61
2024-01-05 07:00:00,20.1,35.0,35.0,0.46,2.0,0.0,2,21,82,64
2024-01-05 08:00:00,18.5,38.0,46.40104849279161,0.34007208387942334,3.677588466579292,0.44495412844036697,2,23,74,88
2024-01-05 09:00:00,17.0,36.0,42.0,0.44,4.0,0.0,2,25,64,121
2024-01-05 10:00:00,17.8,52.0,48.0,0.42,3.0,0.0,2,27,55,50
2024-01-05 11:00:00,14.5,34.0,54.0,0.42,3.0,0.0,3,29,49,46
2024-01-05 12:00:00,12.1,28.0,57.0,0.39,2.0,0.0,3,31,40,341
2024-01-05 13:00:00,9.5,23.0,58.0,0.37,1.0,0.0,3,32,37,347
2024-01-05 14:00:00,9.3,26.0,59.0,0.38,2.0,0.0,3,32,35,347
2024-01-05 15:00:00,8.7,26.0,59.0,0.36,2.0,0.0,3,32,35,341
2024-01-05 16:00:00,10.1,27.0,60.0,0.36,2.0,0.0,2,31,36,360
2024-01-05 17:00:00,10.6,31.0,57.0,0.36,2.0,0.0,2,30,39,12
2024-01-05 18:00:00,12.1,33.0,53.0,0.38,3.0,0.0,1,28,42,47
2024-01-05 19:00:00,11.6,31.0,52.0,0.36,3.0,0.0,1,28,44,56
2024-01-05 20:00:00,19.5,41.0,50.0,0.4,3.0,1.0,2,27,47,54
2024-01-05 21:00:00,22.7,44.0,49.0,0.39,3.0,1.0,2,26,49,53
2024-01-05 22:00:00,30.1,50.0,51.0,0.43,2.0,1.0,1,26,49,43
2024-01-05 23:00:00,23.1,38.0,51.0,0.39,2.0,0.0,2,26,50,40
2024-01-06 00:00:00,17.1,30.0,49.0,0.36,2.0,0.0,2,25,53,36
2024-01-06 01:00:00,25.9,44.0,38.0,0.41,3.0,0.0,2,23,62,61
2024-01-06 02:00:00,22.9,40.0,36.0,0.38,3.0,0.0,2,22,67,65
2024-01-06 03:00:00,21.8,39.0,34.0,0.38,3.0,0.0,3,22,70,61
2024-01-06 04:00:00,20.8,35.0,33.0,0.37,2.0,0.0,3,21,74,59
2024-01-06 05:00:00,19.8,33.0,33.0,0.36,2.0,0.0,2,21,77,66
2024-01-06 06:00:00,19.3,31.0,32.0,0.36,2.0,0.0,1,20,80,81
2024-01-06 07:00:00,19.0,33.0,46.40104849279161,0.34007208387942334,3.677588466579292,0.44495412844036697,2,20,79,76
2024-01-06 08:00:00,19.3,35.0,35.0,0.34,2.0,0.0,3,22,74,57
2024-01-06 09:00:00,18.9,45.0,40.0,0.34,2.0,0.0,3,25,62,47
2024-01-06 10:00:00,17.1,41.0,47.0,0.33,2.0,0.0,3,28,51,27
2024-01-06 11:00:00,14.5,34.0,53.0,0.32,1.0,0.0,3,30,43,354
2024-01-06 12:00:00,12.4,33.0,58.0,0.31,1.0,0.0,3,31,39,1
2024-01-06 13:00:00,12.2,30.0,60.0,0.31,1.0,0.0,2,32,37,334
2024-01-06 14:00:00,12.9,29.0,61.0,0.31,1.0,0.0,3,32,36,348
2024-01-06 15:00:00,13.3,33.0,60.0,0.31,1.0,0.0,3,32,37,6
2024-01-06 16:00:00,13.7,32.0,61.0,0.3,1.0,0.0,3,31,38,22
2024-01-06 17:00:00,15.0,32.0,59.0,0.31,2.0,0.0,2,30,41,55
2024-01-06 18:00:00,17.1,44.0,55.0,0.34,3.0,0.0,2,28,46,65
2024-01-06 19:00:00,20.1,47.0,54.0,0.33,3.0,1.0,2,28,49,64
2024-01-06 20:00:00,22.4,45.0,54.0,0.35,3.0,1.0,2,27,51,58
2024-01-06 21:00:00,25.8,47.0,53.0,0.37,2.0,1.0,1,26,53,58
2024-01-06 22:00:00,46.2,72.0,48.0,0.43,3.0,1.0,1,25,57,40
2024-01-06 23:00:00,33.8,53.0,49.0,0.38,3.0,1.0,1,25,57,50
2024-01-07 00:00:00,30.5,53.0,45.0,0.38,3.0,1.0,2,25,60,33
2024-01-07 01:00:00,32.3,56.0,32.0,0.4,4.0,0.0,3,23,68,54
2024-01-07 02:00:00,24.0,41.0,30.0,0.33,3.0,0.0,2,22,71,48
2024-01-07 03:00:00,18.1,34.0,30.0,0.28,2.0,0.0,3,22,74,46
2024-01-07 04:00:00,16.1,28.0,30.0,0.26,2.0,0.0,3,21,76,54
2024-01-07 05:00:00,15.2,29.0,30.0,0.25,2.0,0.0,3,21,78,57
2024-01-07 06:00:00,14.5,26.0,46.40104849279161,0.34007208387942334,3.677588466579292,0.44495412844036697,3,20,80,58
2024-01-07 07:00:00,16.7,31.0,30.0,0.26,2.0,0.0,3,21,78,60
2024-01-07 08:00:00,14.4,27.0,35.0,0.23,1.0,0.0,4,23,71,61
2024-01-07 09:00:00,13.6,31.0,37.0,0.24,1.0,0.0,3,25,64,63
2024-01-07 10:00:00,15.5,40.0,40.0,0.24,2.0,0.0,2,27,58,104
2024-01-07 11:00:00,16.6,39.0,46.0,0.23,2.0,0.0,2,29,50,146
2024-01-07 12:00:00,15.1,34.0,50.0,0.24,1.0,0.0,2,30,45,6
2024-01-07 13:00:00,14.2,34.0,54.0,0.24,1.0,0.0,2,32,40,325
2024-01-07 14:00:00,14.7,33.0,57.0,0.24,1.0,0.0,2,32,39,330
2024-01-07 15:00:00,14.3,35.0,57.0,0.22,1.0,0.0,2,32,39,337
2024-01-07 16:00:00,14.2,36.0,55.0,0.24,1.0,0.0,2,31,40,354
2024-01-07 17:00:00,15.1,40.0,52.0,0.24,2.0,0.0,2,30,43,359
2024-01-07 18:00:00,16.6,44.0,45.0,0.27,5.0,1.0,1,29,47,32
2024-01-07 19:00:00,20.8,44.0,41.0,0.32,6.0,1.0,1,28,51,42
2024-01-07 20:00:00,27.7,51.0,33.0,0.36,10.0,1.0,1,27,55,37
2024-01-07 21:00:00,20.7,41.0,27.0,0.31,14.0,0.0,1,25,59,77
2024-01-07 22:00:00,26.8,44.0,37.0,0.3,10.0,0.0,1,26,57,106
2024-01-07 23:00:00,31.6,54.0,35.0,0.37,7.0,1.0,1,25,62,6
2024-01-08 00:00:00,39.6,65.0,34.0,0.39,6.0,1.0,1,24,64,3
2024-01-08 01:00:00,27.4,55.0,37.0,0.32,4.0,0.0,1,24,64,25
2024-01-08 02:00:00,26.6,52.0,37.0,0.32,3.0,1.0,2,24,65,23
2024-01-08 03:00:00,29.6,51.0,29.0,0.34,4.0,1.0,2,23,71,39
2024-01-08 04:00:00,26.2,44.0,23.0,0.33,4.0,0.0,3,22,79,56
2024-01-08 05:00:00,21.1,36.0,46.40104849279161,0.34007208387942334,3.677588466579292,0.44495412844036697,3,21,82,61
2024-01-08 06:00:00,18.7,31.0,23.0,0.28,3.0,0.0,2,21,84,64
2024-01-08 07:00:00,17.3,29.0,26.0,0.26,3.0,0.0,2,22,81,65
2024-01-08 08:00:00,15.4,28.0,30.0,0.24,3.0,0.0,3,23,74,58
2024-01-08 09:00:00,16.3,41.0,34.0,0.25,4.0,0.0,2,26,65,101
2024-01-08 10:00:00,16.3,41.0,41.0,0.24,3.0,0.0,2,28,57,104
2024-01-08 11:00:00,15.5,37.0,47.0,0.24,2.0,0.0,2,30,50,125
2024-01-08 12:00:00,15.6,39.0,52.0,0.24,3.0,0.0,2,31,44,348
2024-01-08 13:00:00,15.6,34.0,56.0,0.23,1.0,0.0,2,32,41,311
2024-01-08 14:00:00,15.7,37.0,60.0,0.22,2.0,0.0,2,33,37,320
2024-01-08 15:00:00,15.2,34.0,61.0,0.22,2.0,0.0,2,33,36,332
2024-01-08 16:00:00,15.3,37.0,61.0,0.23,2.0,0.0,2,33,37,353
2024-01-08 17:00:00,14.9,37.0,56.0,0.23,2.0,0.0,1,31,40,26
2024-01-08 18:00:00,18.4,51.0,50.0,0.23,3.0,0.0,1,30,43,57
2024-01-08 19:00:00,18.3,42.0,34.0,0.27,13.0,0.0,1,28,50,151
2024-01-08 20:00:00,21.4,43.0,42.0,0.26,8.0,0.0,0,27,52,218
2024-01-08 21:00:00,21.5,40.0,46.0,0.25,6.0,1.0,1,27,53,213
2024-01-08 22:00:00,25.1,43.0,44.0,0.27,4.0,0.0,1,27,55,115
2024-01-08 23:00:00,24.3,43.0,33.0,0.29,10.0,0.0,1,25,60,129
2024-01-09 00:00:00,23.9,44.0,39.0,0.26,5.0,0.0,1,25,61,99
2024-01-09 01:00:00,22.2,38.0,44.0,0.25,3.0,0.0,1,25,61,70
2024-01-09 02:00:00,21.8,35.0,41.0,0.23,5.0,0.0,1,24,64,97
2024-01-09 03:00:00,21.9,39.0,39.0,0.24,5.0,0.0,1,23,68,197
2024-01-09 04:00:00,27.3,46.0,46.40104849279161,0.34007208387942334,3.677588466579292,0.44495412844036697,1,22,78,171
2024-01-09 05:00:00,29.8,48.0,35.0,0.28,4.0,0.0,2,23,71,59
2024-01-09 06:00:00,30.8,48.0,33.0,0.3,3.0,0.0,2,23,73,98
2024-01-09 07:00:00,28.0,45.0,32.0,0.28,3.0,0.0,1,23,72,77
2024-01-09 08:00:00,24.7,47.0,34.0,0.27,4.0,0.0,2,26,65,87
2024-01-09 09:00:00,27.6,76.0,40.0,0.26,5.0,0.0,2,28,58,105
2024-01-09 10:00:00,27.8,63.0,51.0,0.26,4.0,0.0,2,30,50,147
2024-01-09 11:00:00,23.2,56.0,57.0,0.24,3.0,0.0,2,32,44,319
2024-01-09 12:00:00,20.2,48.0,60.0,0.23,3.0,0.0,2,33,40,349
2024-01-09 13:00:00,19.4,41.0,63.0,0.23,2.0,0.0,2,34,36,331
2024-01-09 14:00:00,18.2,41.0,64.0,0.21,2.0,0.0,2,33,36,2
2024-01-09 15:00:00,18.5,44.0,65.0,0.21,2.0,0.0,1,34,36,355
2024-01-09 16:00:00,18.3,41.0,64.0,0.21,2.0,0.0,1,34,36,15
2024-01-09 17:00:00,19.2,42.0,60.0,0.23,3.0,0.0,1,32,39,117
2024-01-09 18:00:00,23.8,52.0,37.0,0.27,17.0,0.0,0,30,47,221
2024-01-09 19:00:00,27.1,56.0,38.0,0.27,15.0,1.0,1,28,50,206
2024-01-09 20:00:00,34.4,60.0,45.0,0.29,6.0,1.0,1,28,50,99
2024-01-09 21:00:00,24.0,43.0,47.0,0.23,3.0,1.0,2,28,51,105
2024-01-09 22:00:00,25.9,47.0,47.0,0.24,3.0,1.0,1,28,52,104
2024-01-09 23:00:00,24.2,42.0,47.0,0.22,3.0,1.0,1,27,54,103
2024-01-10 00:00:00,20.3,38.0,47.0,0.21,2.0,1.0,1,27,55,114
2024-01-10 01:00:00,22.3,39.0,45.0,0.23,2.0,0.0,2,26,59,177
2024-01-10 02:00:00,29.2,49.0,41.0,0.25,4.0,0.0,2,25,62,176
2024-01-10 03:00:00,27.4,47.0,46.40104849279161,0.34007208387942334,3.677588466579292,0.44495412844036697,2,25,60,177
2024-01-10 04:00:00,25.2,42.0,45.0,0.21,3.0,0.0,1,26,60,175
2024-01-10 05:00:00,29.1,46.0,42.0,0.23,3.0,1.0,1,25,64,168
2024-01-10 06:00:00,35.3,54.0,32.0,0.29,6.0,1.0,2,24,69,100
2024-01-10 07:00:00,32.3,51.0,31.0,0.29,4.0,0.0,2,24,71,64
2024-01-10 08:00:00,26.2,44.0,31.0,0.25,3.0,0.0,3,25,68,56
2024-01-10 09:00:00,22.5,49.0,36.0,0.21,3.0,0.0,3,28,58,57
2024-01-10 10:00:00,17.6,48.0,40.0,0.16,2.0,0.0,3,30,51,55
2024-01-10 11:00:00,16.2,44.0,46.0,0.17,2.0,0.0,3,32,45,74
2024-01-10 12:00:00,16.6,37.0,53.0,0.18,2.0,0.0,2,33,40,74
2024-01-10 13:00:00,18.0,41.0,58.0,0.18,2.0,0.0,3,34,38,45
2024-01-10 14:00:00,18.6,42.0,60.0,0.17,2.0,0.0,3,34,37,46
2024-01-10 15:00:00,17.9,37.0,59.0,0.17,2.0,0.0,2,34,36,49
2024-01-10 16:00:00,19.5,39.0,60.0,0.18,3.0,0.0,2,34,36,117
2024-01-10 17:00:00,21.3,41.0,60.0,0.19,2.0,0.0,1,33,38,106
2024-01-10 18:00:00,21.7,51.0,49.0,0.18,4.0,0.0,1,31,43,69
2024-01-10 19:00:00,21.7,49.0,48.0,0.18,3.0,1.0,2,30,48,52
2024-01-10 20:00:00,24.0,48.0,46.0,0.22,3.0,1.0,2,29,50,60
2024-01-10 21:00:00,30.0,56.0,44.0,0.25,3.0,1.0,2,28,52,60
2024-01-10 22:00:00,26.0,48.0,45.0,0.2,2.0,0.0,2,28,53,58
2024-01-10 23:00:00,23.1,40.0,41.0,0.2,3.0,0.0,2,27,56,167
2024-01-11 00:00:00,26.5,44.0,37.0,0.24,4.0,0.0,1,26,60,123
2024-01-11 01:00:00,28.0,46.0,36.0,0.25,3.0,0.0,2,26,61,105
2024-01-11 02:00:00,25.1,43.0,46.40104849279161,0.34007208387942334,3.677588466579292,0.44495412844036697,2,25,64,109
2024-01-11 03:00:00,20.2,36.0,28.0,0.18,2.0,0.0,2,25,66,98
2024-01-11 04:00:00,18.6,32.0,27.0,0.15,2.0,0.0,2,24,69,93
2024-01-11 05:00:00,16.2,29.0,26.0,0.16,2.0,0.0,2,23,73,95
2024-01-11 06:00:00,17.3,30.0,24.0,0.16,3.0,0.0,2,23,76,89
2024-01-11 07:00:00,19.8,35.0,23.0,0.17,3.0,0.0,2,23,76,81
2024-01-11 08:00:00,19.0,41.0,24.0,0.15,4.0,0.0,2,24,72,99
2024-01-11 09:00:00,22.1,50.0,31.0,0.18,4.0,0.0,2,27,62,136
2024-01-11 10:00:00,25.4,43.0,39.0,0.21,3.0,0.0,2,30,55,179
2024-01-11 11:00:00,27.0,45.0,48.0,0.21,2.0,0.0,2,31,50,183
2024-01-11 12:00:00,29.1,44.0,55.0,0.23,2.0,0.0,2,32,46,187
2024-01-11 13:00:00,30.5,48.0,52.0,0.24,3.0,0.0,2,32,48,179
2024-01-11 14:00:00,29.7,46.0,52.0,0.23,3.0,0.0,2,32,46,103
2024-01-11 15:00:00,29.3,63.0,54.0,0.23,2.0,0.0,2,33,43,94
2024-01-11 16:00:00,29.6,56.0,53.0,0.24,3.0,0.0,1,33,44,78
2024-01-11 17:00:00,28.5,54.0,46.0,0.24,8.0,0.0,1,32,46,157
2024-01-11 18:00:00,29.8,54.0,46.0,0.23,7.0,0.0,2,31,50,180
2024-01-11 19:00:00,31.4,55.0,48.0,0.23,5.0,0.0,1,30,51,181
2024-01-11 20:00:00,38.5,55.0,45.0,0.29,6.0,1.0,1,29,54,172
2024-01-11 21:00:00,41.8,62.0,39.0,0.29,7.0,0.0,1,28,58,110
2024-01-11 22:00:00,38.9,58.0,45.0,0.27,7.0,1.0,1,28,59,182
2024-01-11 23:00:00,47.1,63.0,49.0,0.3,4.0,1.0,1,28,59,186
2024-01-12 00:00:00,43.5,60.0,44.0,0.26,4.0,1.0,1,27,62,162
2024-01-12 01:00:00,45.2,62.0,46.40104849279161,0.34007208387942334,3.677588466579292,0.44495412844036697,1,27,64,176
2024-01-12 02:00:00,45.0,60.0,39.0,0.28,4.0,0.0,1,26,68,156
2024-01-12 03:00:00,46.6,65.0,34.0,0.31,4.0,0.0,2,25,72,66
2024-01-12 04:00:00,32.9,51.0,29.0,0.23,3.0,0.0,1,24,75,78
2024-01-12 05:00:00,25.5,40.0,29.0,0.21,3.0,0.0,2,24,78,66
2024-01-12 06:00:00,24.6,40.0,27.0,0.2,3.0,0.0,2,23,80,78
2024-01-12 07:00:00,25.9,40.0,25.0,0.23,3.0,0.0,2,23,81,63
2024-01-12 08:00:00,23.7,44.0,30.0,0.22,4.0,0.0,2,25,73,89
2024-01-12 09:00:00,25.1,45.0,37.0,0.21,4.0,0.0,2,27,65,129
2024-01-12 10:00:00,27.4,49.0,45.0,0.22,3.0,0.0,2,29,58,160
2024-01-12 11:00:00,31.9,53.0,54.0,0.24,3.0,0.0,2,31,53,172
2024-01-12 12:00:00,33.4,54.0,53.0,0.25,2.0,0.0,3,31,51,192
2024-01-12 13:00:00,30.0,45.0,51.0,0.22,2.0,0.0,2,32,50,191
2024-01-12 14:00:00,33.8,53.0,55.0,0.25,2.0,0.0,1,32,49,242
2024-01-12 15:00:00,35.2,51.0,56.0,0.26,3.0,0.0,2,32,48,189
2024-01-12 16:00:00,35.1,52.0,56.0,0.25,3.0,0.0,2,32,48,201
2024-01-12 17:00:00,32.3,51.0,54.0,0.24,3.0,0.0,1,31,48,131
2024-01-12 18:00:00,34.0,57.0,39.0,0.27,11.0,0.0,0,30,53,208
2024-01-12 19:00:00,38.8,62.0,42.0,0.29,9.0,0.0,1,30,55,180
2024-01-12 20:00:00,44.8,71.0,39.0,0.35,9.0,0.0,1,30,56,174
2024-01-12 21:00:00,43.8,68.0,43.0,0.31,7.0,1.0,1,29,58,173
2024-01-12 22:00:00,47.6,71.0,42.0,0.32,8.0,1.0,1,28,61,171
2024-01-12 23:00:00,45.1,69.0,42.0,0.29,5.0,1.0,1,28,61,172
2024-01-13 00:00:00,43.7,67.0,46.40104849279161,0.34007208387942334,3.677588466579292,0.44495412844036697,1,27,64,115
2024-01-13 01:00:00,46.5,71.0,32.0,0.29,5.0,0.0,1,26,70,91
2024-01-13 02:00:00,34.5,54.0,33.0,0.23,3.0,0.0,2,25,71,102
2024-01-13 03:00:00,27.3,43.0,32.0,0.18,3.0,0.0,2,25,72,62
2024-01-13 04:00:00,26.4,43.0,30.0,0.19,2.0,0.0,2,24,75,65
2024-01-13 05:00:00,23.9,39.0,29.0,0.18,2.0,0.0,2,23,77,65
2024-01-13 06:00:00,22.5,38.0,28.0,0.16,2.0,0.0,2,23,79,66
2024-01-13 07:00:00,20.9,35.0,27.0,0.15,3.0,0.0,2,23,78,62
2024-01-13 08:00:00,21.8,39.0,31.0,0.16,2.0,0.0,2,24,72,53
2024-01-13 09:00:00,23.7,59.0,37.0,0.15,3.0,0.0,2,27,61,73
2024-01-13 10:00:00,26.7,53.0,46.0,0.17,2.0,0.0,2,29,53,170
2024-01-13 11:00:00,28.6,50.0,53.0,0.2,2.0,0.0,2,31,49,336
2024-01-13 12:00:00,29.4,59.0,59.0,0.19,2.0,0.0,2,32,46,353
2024-01-13 13:00:00,25.8,50.0,59.0,0.19,2.0,0.0,2,32,45,325
2024-01-13 14:00:00,24.6,42.0,61.0,0.16,1.0,0.0,2,33,42,357
2024-01-13 15:00:00,23.3,42.0,59.0,0.15,1.0,0.0,2,32,42,14
2024-01-13 16:00:00,22.3,43.0,58.0,0.15,1.0,0.0,2,32,44,50
2024-01-13 17:00:00,22.3,44.0,55.0,0.16,2.0,0.0,2,31,47,54
2024-01-13 18:00:00,26.0,52.0,50.0,0.18,3.0,0.0,2,30,51,52
2024-01-13 19:00:00,27.2,51.0,49.0,0.18,2.0,0.0,2,29,54,59
2024-01-13 20:00:00,29.1,51.0,47.0,0.2,3.0,0.0,2,28,57,59
2024-01-13 21:00:00,34.1,59.0,44.0,0.24,3.0,0.0,2,27,61,55
2024-01-13 22:00:00,33.2,57.0,42.0,0.22,3.0,0.0,2,27,62,46
2024-01-13 23:00:00,33.7,59.0,46.40104849279161,0.34007208387942334,3.677588466579292,0.44495412844036697,2,26,63,47
2024-01-14 00:00:00,25.2,46.0,37.0,0.17,2.0,0.0,3,26,63,51
2024-01-14 01:00:00,24.1,43.0,33.0,0.17,2.0,0.0,3,25,67,56
2024-01-14 02:00:00,21.6,37.0,31.0,0.17,2.0,0.0,2,24,71,63
2024-01-14 03:00:00,20.1,35.0,31.0,0.15,2.0,0.0,2,23,73,61
2024-01-14 04:00:00,17.7,32.0,32.0,0.12,2.0,0.0,2,22,74,54
2024-01-14 05:00:00,16.8,30.0,30.0,0.11,2.0,0.0,2,22,77,67
2024-01-14 06:00:00,15.0,27.0,31.0,0.1,2.0,0.0,2,21,78,61
2024-01-14 07:00:00,24.5,42.0,29.0,0.13,3.0,0.0,2,22,77,44
2024-01-14 08:00:00,17.2,36.0,34.0,0.1,2.0,0.0,3,23,70,50
2024-01-14 09:00:00,17.7,37.0,39.0,0.1,2.0,0.0,2,25,63,52
2024-01-14 10:00:00,21.8,56.0,44.0,0.12,2.0,0.0,2,27,56,65
2024-01-14 11:00:00,23.6,62.0,49.0,0.14,2.0,0.0,2,29,50,353
2024-01-14 12:00:00,21.6,39.0,55.0,0.15,2.0,0.0,2,31,45,335
2024-01-14 13:00:00,20.1,44.0,56.0,0.12,2.0,0.0,3,31,43,342
2024-01-14 14:00:00,17.0,39.0,57.0,0.14,1.0,0.0,3,32,42,352
2024-01-14 15:00:00,16.3,39.0,56.0,0.09,1.0,0.0,3,31,40,356
2024-01-14 16:00:00,19.5,43.0,57.0,0.12,2.0,1.0,3,31,42,347
2024-01-14 17:00:00,18.2,42.0,53.0,0.11,2.0,0.0,2,30,44,20
2024-01-14 18:00:00,22.4,54.0,48.0,0.14,3.0,0.0,2,29,49,46
2024-01-14 19:00:00,26.9,55.0,48.0,0.17,3.0,0.0,2,28,52,60
2024-01-14 20:00:00,33.6,65.0,45.0,0.2,3.0,1.0,2,27,55,57
2024-01-14 21:00:00,57.1,86.0,44.0,0.32,5.0,1.0,2,27,56,63
2024-01-14 22:00:00,36.6,62.0,46.40104849279161,0.34007208387942334,3.677588466579292,0.44495412844036697,3,26,58,57
2024-01-14 23:00:00,17.8,36.0,35.0,0.1,2.0,0.0,3,25,62,59
2024-01-15 00:00:00,15.5,29.0,33.0,0.1,2.0,0.0,3,24,66,55
2024-01-15 01:00:00,17.6,32.0,31.0,0.11,2.0,0.0,3,23,70,37
2024-01-15 02:00:00,14.2,29.0,31.0,0.08,2.0,0.0,3,22,72,47
2024-01-15 03:00:00,12.2,23.0,32.0,0.07,2.0,0.0,3,22,74,43
2024-01-15 04:00:00,11.2,21.0,32.0,0.06,1.0,0.0,3,21,76,46
2024-01-15 05:00:00,11.1,20.0,31.0,0.04,2.0,0.0,3,21,78,51
2024-01-15 06:00:00,11.2,21.0,29.0,0.06,2.0,0.0,3,20,80,52
2024-01-15 07:00:00,12.9,27.0,29.0,0.08,3.0,0.0,3,21,78,53
2024-01-15 08:00:00,15.1,31.0,33.0,0.08,3.0,0.0,4,23,71,51
2024-01-15 09:00:00,14.4,32.0,37.0,0.08,2.0,0.0,3,25,63,41
2024-01-15 10:00:00,14.4,30.0,40.0,0.07,2.0,0.0,3,27,56,52
2024-01-15 11:00:00,16.4,35.0,44.0,0.1,2.0,0.0,3,29,50,48
2024-01-15 12:00:00,17.3,34.0,46.0,0.1,2.0,0.0,3,30,46,19
2024-01-15 13:00:00,15.2,34.0,48.0,0.08,2.0,0.0,3,31,43,47
2024-01-15 14:00:00,13.4,34.0,49.0,0.07,1.0,0.0,3,32,41,5
2024-01-15 15:00:00,13.2,36.0,50.0,0.06,1.0,0.0,3,31,40,359
2024-01-15 16:00:00,12.4,37.0,50.0,0.05,2.0,0.0,3,31,39,40
2024-01-15 17:00:00,12.3,38.0,51.0,0.06,2.0,0.0,3,30,40,50
2024-01-15 18:00:00,12.4,34.0,48.0,0.06,2.0,0.0,2,29,43,55
2024-01-15 19:00:00,12.4,35.0,46.0,0.04,2.0,0.0,2,28,46,53
2024-01-15 20:00:00,21.9,46.0,44.0,0.11,3.0,1.0,2,27,49,53
2024-01-15 21:00:00,46.8,76.0,46.40104849279161,0.34007208387942334,3.677588466579292,0.44495412844036697,2,26,52,50
2024-01-15 22:00:00,26.4,58.0,37.0,0.14,3.0,0.0,2,26,55,47
2024-01-15 23:00:00,22.5,49.0,32.0,0.13,3.0,0.0,3,25,60,42
2024-01-16 00:00:00,14.5,31.0,30.0,0.08,2.0,0.0,3,24,64,43
2024-01-16 01:00:00,12.0,25.0,30.0,0.07,2.0,0.0,3,23,66,34
2024-01-16 02:00:00,11.7,24.0,30.0,0.06,2.0,0.0,3,23,69,52
2024-01-16 03:00:00,12.9,25.0,28.0,0.07,2.0,0.0,3,22,72,45
2024-01-16 04:00:00,12.2,24.0,28.0,0.08,2.0,0.0,2,21,75,40
2024-01-16 05:00:00,11.6,22.0,28.0,0.06,2.0,0.0,2,21,77,43
2024-01-16 06:00:00,12.6,27.0,26.0,0.07,3.0,0.0,2,20,80,39
2024-01-16 07:00:00,14.7,30.0,26.0,0.09,3.0,0.0,2,21,78,45
2024-01-16 08:00:00,17.5,38.0,30.0,0.11,3.0,0.0,3,23,72,44
2024-01-16 09:00:00,15.5,32.0,35.0,0.08,2.0,0.0,3,25,64,59
2024-01-16 10:00:00,16.4,35.0,39.0,0.11,2.0,0.0,2,27,57,69
2024-01-16 11:00:00,19.2,48.0,45.0,0.12,2.0,0.0,2,29,49,161
2024-01-16 12:00:00,17.4,54.0,48.0,0.13,2.0,0.0,2,31,43,10
2024-01-16 13:00:00,18.2,45.0,53.0,0.14,2.0,0.0,2,32,40,333
2024-01-16 14:00:00,22.0,42.0,57.0,0.18,2.0,0.0,2,32,39,337
2024-01-16 15:00:00,20.6,42.0,58.0,0.21,2.0,0.0,2,32,38,359
2024-01-16 16:00:00,19.8,38.0,57.0,0.1,2.0,0.0,2,32,38,48
2024-01-16 17:00:00,19.0,42.0,55.0,0.06,2.0,0.0,2,31,42,48
2024-01-16 18:00:00,22.6,58.0,48.0,0.11,4.0,0.0,2,29,47,55
2024-01-16 19:00:00,29.0,58.0,47.0,0.17,4.0,1.0,2,28,49,55
2024-01-16 20:00:00,26.7,49.0,46.40104849279161,0.34007208387942334,3.677588466579292,0.44495412844036697,2,28,50,63
2024-01-16 21:00:00,22.2,41.0,45.0,0.15,2.0,0.0,2,27,53,75
2024-01-16 22:00:00,33.1,55.0,41.0,0.19,3.0,0.0,2,26,56,50
2024-01-16 23:00:00,43.9,68.0,37.0,0.23,3.0,1.0,3,25,60,55
2024-01-17 00:00:00,25.3,47.0,35.0,0.13,3.0,0.0,3,24,63,55
2024-01-17 01:00:00,19.2,36.0,33.0,0.1,2.0,0.0,2,23,67,50
2024-01-17 02:00:00,16.2,30.0,33.0,0.07,2.0,0.0,3,22,69,57
2024-01-17 03:00:00,15.6,28.0,33.0,0.09,2.0,0.0,3,21,72,58
2024-01-17 04:00:00,15.8,27.0,32.0,0.08,2.0,0.0,2,21,74,55
2024-01-17 05:00:00,15.8,28.0,32.0,0.09,2.0,0.0,2,21,75,57
2024-01-17 06:00:00,16.3,29.0,32.0,0.09,2.0,0.0,2,20,77,69
2024-01-17 07:00:00,15.9,30.0,33.0,0.09,2.0,0.0,2,21,74,67
2024-01-17 08:00:00,14.9,29.0,35.0,0.08,2.0,0.0,3,23,68,56
2024-01-17 09:00:00,16.3,42.0,38.0,0.08,2.0,0.0,2,25,62,59
2024-01-17 10:00:00,19.5,59.0,43.0,0.09,2.0,0.0,2,28,52,318
2024-01-17 11:00:00,19.5,54.0,49.0,0.09,2.0,0.0,2,30,45,263
2024-01-17 12:00:00,16.7,44.0,52.0,0.1,2.0,0.0,2,31,41,340
2024-01-17 13:00:00,16.0,43.0,57.0,0.09,2.0,0.0,2,32,38,310
2024-01-17 14:00:00,15.9,41.0,60.0,0.09,2.0,0.0,2,33,36,324
2024-01-17 15:00:00,16.1,42.0,60.0,0.09,2.0,0.0,2,32,36,345
2024-01-17 16:00:00,15.3,40.0,60.0,0.08,2.0,0.0,2,32,36,321
2024-01-17 17:00:00,17.2,45.0,57.0,0.1,2.0,0.0,1,31,38,12
2024-01-17 18:00:00,21.8,53.0,50.0,0.14,4.0,0.0,1,29,43,32
2024-01-17 19:00:00,24.9,60.0,46.40104849279161,0.34007208387942334,3.677588466579292,0.44495412844036697,1,28,48,40
2024-01-17 20:00:00,27.6,58.0,48.0,0.18,3.0,1.0,1,27,51,15
2024-01-17 21:00:00,41.1,70.0,41.0,0.27,7.0,1.0,1,27,53,359
2024-01-17 22:00:00,75.5,115.0,38.0,0.42,7.0,1.0,2,26,55,22
2024-01-17 23:00:00,59.5,95.0,35.0,0.36,6.0,1.0,2,25,61,43
2024-01-18 00:00:00,30.1,54.0,41.0,0.17,3.0,1.0,1,25,60,44
2024-01-18 01:00:00,24.1,44.0,40.0,0.14,3.0,0.0,1,24,61,52
2024-01-18 02:00:00,25.9,46.0,40.0,0.16,3.0,0.0,2,24,63,43
2024-01-18 03:00:00,31.0,51.0,33.0,0.19,4.0,0.0,2,23,68,56
2024-01-18 04:00:00,30.3,48.0,29.0,0.18,3.0,0.0,2,22,73,84
2024-01-18 05:00:00,31.8,50.0,26.0,0.2,3.0,0.0,1,21,77,86
2024-01-18 06:00:00,32.3,51.0,25.0,0.17,4.0,0.0,2,21,79,77
2024-01-18 07:00:00,30.0,54.0,25.0,0.12,4.0,0.0,3,21,77,60
2024-01-18 08:00:00,24.3,44.0,30.0,0.19,4.0,0.0,3,23,70,57
2024-01-18 09:00:00,19.4,41.0,36.0,0.18,3.0,0.0,3,26,58,59
2024-01-18 10:00:00,16.8,37.0,41.0,0.13,2.0,0.0,3,28,50,52
2024-01-18 11:00:00,16.1,34.0,47.0,0.06,2.0,0.0,3,30,44,54
2024-01-18 12:00:00,15.5,34.0,52.0,0.06,1.0,0.0,2,32,39,339
2024-01-18 13:00:00,14.6,34.0,54.0,0.02,1.0,0.0,2,33,36,340
2024-01-18 14:00:00,13.6,33.0,55.0,0.03,1.0,0.0,2,33,33,355
2024-01-18 15:00:00,12.9,35.0,46.40104849279161,0.34007208387942334,3.677588466579292,0.44495412844036697,2,33,31,349
2024-01-18 16:00:00,13.0,34.0,46.40104849279161,0.34007208387942334,3.677588466579292,0.44495412844036697,3,33,32,359
2024-01-18 17:00:00,17.0,41.0,49.0,0.2,2.0,0.0,2,31,34,24
2024-01-18 18:00:00,16.0,41.0,46.40104849279161,0.34007208387942334,3.677588466579292,0.44495412844036697,1,30,39,60
2024-01-18 19:00:00,16.2,39.0,37.0,0.18,8.0,0.0,1,28,44,81
2024-01-18 20:00:00,18.5,39.0,41.0,0.18,7.0,0.0,1,27,46,110
2024-01-18 21:00:00,21.4,41.0,43.0,0.2,5.0,1.0,1,27,47,115
2024-01-18 22:00:00,20.1,37.0,42.0,0.19,5.0,0.0,1,26,49,198
2024-01-18 23:00:00,19.8,36.0,44.0,0.16,4.0,1.0,1,26,50,211
2024-01-19 00:00:00,17.6,33.0,41.0,0.16,5.0,0.0,1,25,52,208
2024-01-19 01:00:00,15.1,28.0,45.0,0.14,3.0,0.0,1,25,52,196
2024-01-19 02:00:00,18.8,33.0,43.0,0.18,3.0,0.0,1,25,53,177
2024-01-19 03:00:00,22.5,39.0,39.0,0.18,5.0,0.0,1,24,56,182
2024-01-19 04:00:00,27.8,45.0,35.0,0.21,6.0,1.0,1,23,61,75
2024-01-19 05:00:00,31.2,49.0,36.0,0.22,3.0,1.0,2,23,60,72
2024-01-19 06:00:00,29.1,49.0,30.0,0.23,4.0,0.0,2,23,65,55
2024-01-19 07:00:00,32.7,60.0,27.0,0.27,5.0,0.0,2,23,66,54
2024-01-19 08:00:00,30.9,60.0,32.0,0.26,4.0,0.0,2,25,61,56
2024-01-19 09:00:00,25.5,58.0,38.0,0.2,4.0,0.0,2,28,52,76
2024-01-19 10:00:00,20.1,58.0,43.0,0.17,3.0,0.0,2,30,42,98
2024-01-19 11:00:00,18.0,45.0,49.0,0.14,3.0,0.0,2,32,34,169
2024-01-19 12:00:00,15.8,38.0,52.0,0.14,2.0,0.0,2,33,30,11
2024-01-19 13:00:00,15.2,35.0,53.0,0.15,1.0,0.0,2,34,28,273
2024-01-19 14:00:00,15.2,34.0,55.0,0.14,1.0,0.0,2,34,27,316
2024-01-19 15:00:00,17.8,39.0,58.0,0.15,1.0,0.0,2,34,28,341
2024-01-19 16:00:00,17.1,40.0,57.0,0.14,2.0,0.0,2,34,28,334
2024-01-19 17:00:00,16.6,42.0,46.40104849279161,0.34007208387942334,3.677588466579292,0.44495412844036697,3,32,31,33
2024-01-19 18:00:00,19.3,50.0,46.0,0.17,3.0,0.0,2,31,34,46
2024-01-19 19:00:00,21.6,49.0,40.0,0.19,7.0,0.0,1,30,38,93
2024-01-19 20:00:00,27.7,56.0,39.0,0.2,8.0,1.0,1,28,41,151
2024-01-19 21:00:00,32.1,61.0,37.0,0.23,7.0,0.0,1,28,44,240
2024-01-19 22:00:00,33.9,58.0,38.0,0.25,6.0,1.0,1,27,45,225
2024-01-19 23:00:00,29.8,49.0,42.0,0.22,4.0,1.0,1,27,46,213
2024-01-20 00:00:00,24.3,42.0,45.0,0.23,4.0,1.0,1,27,47,195
2024-01-20 01:00:00,26.6,46.0,45.0,0.2,3.0,1.0,1,26,49,180
2024-01-20 02:00:00,27.3,45.0,40.0,0.2,4.0,0.0,2,25,53,195
2024-01-20 03:00:00,31.3,49.0,32.0,0.23,8.0,1.0,1,25,54,231
2024-01-20 04:00:00,37.1,58.0,24.0,0.26,10.0,1.0,1,24,60,238
2024-01-20 05:00:00,32.9,53.0,18.0,0.23,15.0,1.0,0,23,62,288
2024-01-20 06:00:00,40.3,62.0,15.0,0.27,18.0,1.0,1,22,64,307
2024-01-20 07:00:00,44.9,69.0,25.0,0.32,9.0,0.0,1,24,60,6
2024-01-20 08:00:00,58.4,92.0,34.0,0.37,8.0,1.0,1,26,54,357
2024-01-20 09:00:00,46.5,98.0,47.0,0.28,6.0,1.0,2,28,45,71
2024-01-20 10:00:00,28.9,60.0,52.0,0.2,3.0,0.0,2,31,35,114
2024-01-20 11:00:00,24.9,51.0,58.0,0.19,2.0,0.0,2,33,31,110
2024-01-20 12:00:00,22.5,46.0,60.0,0.18,2.0,0.0,2,34,28,2
2024-01-20 13:00:00,20.7,47.0,62.0,0.15,1.0,0.0,2,35,25,316
2024-01-20 14:00:00,23.0,40.0,67.0,0.17,2.0,0.0,2,35,25,305
2024-01-20 15:00:00,28.8,48.0,73.0,0.2,2.0,1.0,2,34,25,23
2024-01-20 16:00:00,27.0,46.0,46.40104849279161,0.34007208387942334,3.677588466579292,0.44495412844036697,2,35,25,23
2024-01-20 17:00:00,23.3,45.0,65.0,0.18,2.0,0.0,1,33,27,85
2024-01-20 18:00:00,24.6,52.0,52.0,0.2,7.0,0.0,1,31,32,117
2024-01-20 19:00:00,26.6,53.0,52.0,0.2,3.0,1.0,1,30,34,72
2024-01-20 20:00:00,28.2,49.0,42.0,0.22,10.0,0.0,1,29,37,82
2024-01-20 21:00:00,27.7,50.0,48.0,0.2,7.0,0.0,2,29,37,109
2024-01-20 22:00:00,29.1,51.0,49.0,0.23,3.0,0.0,2,28,38,113
2024-01-20 23:00:00,30.8,55.0,45.0,0.21,4.0,0.0,2,27,42,179
2024-01-21 00:00:00,32.9,54.0,49.0,0.22,4.0,1.0,2,27,41,177
2024-01-21 01:00:00,35.3,55.0,46.0,0.25,4.0,1.0,1,26,47,206
2024-01-21 02:00:00,48.7,74.0,47.0,0.33,4.0,1.0,2,26,51,196
2024-01-21 03:00:00,43.0,65.0,51.0,0.3,3.0,1.0,2,27,47,197
2024-01-21 04:00:00,48.1,71.0,43.0,0.3,3.0,1.0,1,25,56,196
2024-01-21 05:00:00,51.9,78.0,33.0,0.35,4.0,1.0,2,24,62,104
2024-01-21 06:00:00,61.7,91.0,33.0,0.38,6.0,1.0,1,24,62,143
2024-01-21 07:00:00,54.4,79.0,30.0,0.38,12.0,1.0,1,26,55,141
2024-01-21 08:00:00,59.9,100.0,41.0,0.39,5.0,1.0,1,28,50,73
2024-01-21 09:00:00,53.8,95.0,47.0,0.33,5.0,1.0,2,29,45,87
2024-01-21 10:00:00,50.2,88.0,61.0,0.29,4.0,1.0,2,31,38,145
2024-01-21 11:00:00,41.4,70.0,59.0,0.3,2.0,0.0,3,32,35,172
2024-01-21 12:00:00,41.6,63.0,62.0,0.3,2.0,0.0,3,33,32,175
2024-01-21 13:00:00,36.3,56.0,66.0,0.28,2.0,0.0,3,34,30,187
2024-01-21 14:00:00,36.8,56.0,65.0,0.28,2.0,0.0,3,34,29,189
2024-01-21 15:00:00,34.5,53.0,46.40104849279161,0.34007208387942334,3.677588466579292,0.44495412844036697,2,35,27,218
2024-01-21 16:00:00,33.6,52.0,65.0,0.24,2.0,0.0,2,34,27,194
2024-01-21 17:00:00,32.7,51.0,62.0,0.25,3.0,0.0,2,33,30,185
2024-01-21 18:00:00,35.7,57.0,60.0,0.27,3.0,0.0,2,31,34,177
2024-01-21 19:00:00,42.5,67.0,59.0,0.32,4.0,1.0,2,30,36,177
2024-01-21 20:00:00,38.2,60.0,59.0,0.28,3.0,0.0,2,30,37,177
2024-01-21 21:00:00,41.9,61.0,58.0,0.29,3.0,1.0,3,29,38,179
2024-01-21 22:00:00,63.0,87.0,52.0,0.42,4.0,1.0,3,27,48,183
2024-01-21 23:00:00,78.9,110.0,46.0,0.52,5.0,1.0,3,26,60,189
2024-01-22 00:00:00,72.6,104.0,46.0,0.5,4.0,1.0,3,26,65,195
2024-01-22 01:00:00,71.7,103.0,45.0,0.52,4.0,1.0,3,25,68,186
2024-01-22 02:00:00,69.4,97.0,45.0,0.49,3.0,0.0,2,25,72,187
2024-01-22 03:00:00,63.3,87.0,43.0,0.48,4.0,0.0,2,24,73,254
2024-01-22 04:00:00,78.4,104.0,28.0,0.56,7.0,0.0,1,23,78,312
2024-01-22 05:00:00,84.1,116.0,27.0,0.55,5.0,0.0,2,22,79,64
2024-01-22 06:00:00,72.0,97.0,33.0,0.48,4.0,1.0,1,23,79,87
2024-01-22 07:00:00,66.1,94.0,29.0,0.46,6.0,0.0,2,23,75,110
2024-01-22 08:00:00,59.2,98.0,35.0,0.43,6.0,1.0,2,26,67,120
2024-01-22 09:00:00,59.9,109.0,45.0,0.43,5.0,1.0,2,28,60,155
2024-01-22 10:00:00,65.1,93.0,48.0,0.46,4.0,1.0,2,29,51,167
2024-01-22 11:00:00,67.1,90.0,53.0,0.45,3.0,1.0,3,30,47,181
2024-01-22 12:00:00,62.6,83.0,56.0,0.45,3.0,1.0,2,31,44,185
2024-01-22 13:00:00,59.0,81.0,57.0,0.44,2.0,1.0,3,32,43,198
2024-01-22 14:00:00,53.4,73.0,46.40104849279161,0.34007208387942334,3.677588466579292,0.44495412844036697,2,33,38,191
2024-01-22 15:00:00,48.2,68.0,65.0,0.38,3.0,1.0,2,33,36,190
2024-01-22 16:00:00,45.8,69.0,67.0,0.36,3.0,1.0,1,33,36,95
2024-01-22 17:00:00,44.5,67.0,63.0,0.35,3.0,0.0,1,32,39,81
2024-01-22 18:00:00,40.5,67.0,50.0,0.35,7.0,0.0,1,30,43,164
2024-01-22 19:00:00,44.1,72.0,43.0,0.37,12.0,0.0,1,28,47,156
2024-01-22 20:00:00,44.5,72.0,50.0,0.35,5.0,1.0,1,28,49,109
2024-01-22 21:00:00,48.8,79.0,51.0,0.35,4.0,1.0,2,28,51,74
2024-01-22 22:00:00,47.8,76.0,49.0,0.36,3.0,1.0,2,27,53,86
2024-01-22 23:00:00,48.7,75.0,47.0,0.37,3.0,1.0,2,27,56,60
2024-01-23 00:00:00,40.9,70.0,40.0,0.34,3.0,0.0,4,26,60,58
2024-01-23 01:00:00,25.0,44.0,37.0,0.23,2.0,0.0,4,25,63,60
2024-01-23 02:00:00,18.5,40.0,36.0,0.2,1.0,0.0,4,24,65,59
2024-01-23 03:00:00,15.6,37.0,35.0,0.19,1.0,0.0,4,23,68,58
2024-01-23 04:00:00,10.6,31.0,29.0,0.28,2.0,0.0,4,22,70,56
2024-01-23 05:00:00,5.7,26.0,26.0,0.36,2.0,0.0,4,21,68,51
2024-01-23 06:00:00,4.7,21.0,25.0,0.39,2.0,0.0,4,21,67,55
2024-01-23 07:00:00,4.8,22.0,25.0,0.4,2.0,0.0,4,20,67,51
2024-01-23 08:00:00,6.0,30.0,26.0,0.41,3.0,0.0,4,21,64,54
2024-01-23 09:00:00,6.8,36.0,29.0,0.42,3.0,0.0,4,22,58,46
2024-01-23 10:00:00,7.4,36.0,34.0,0.41,3.0,0.0,4,24,53,39
2024-01-23 11:00:00,8.8,36.0,40.0,0.4,3.0,0.0,3,26,49,38
2024-01-23 12:00:00,10.0,34.0,44.0,0.39,2.0,0.0,3,27,46,23
2024-01-23 13:00:00,10.9,40.0,46.40104849279161,0.34007208387942334,3.677588466579292,0.44495412844036697,3,29,43,19
2024-01-23 14:00:00,11.6,39.0,50.0,0.35,2.0,0.0,3,29,41,31
2024-01-23 15:00:00,13.0,43.0,53.0,0.37,2.0,0.0,3,29,41,27
2024-01-23 16:00:00,14.2,49.0,54.0,0.38,3.0,0.0,3,29,42,41
2024-01-23 17:00:00,16.2,51.0,53.0,0.4,3.0,0.0,3,28,44,39
2024-01-23 18:00:00,15.1,53.0,48.0,0.43,4.0,1.0,3,26,47,45
2024-01-23 19:00:00,13.7,51.0,45.0,0.44,3.0,0.0,3,25,50,26
2024-01-23 20:00:00,13.5,54.0,44.0,0.44,3.0,0.0,4,24,51,26
2024-01-23 21:00:00,10.4,58.0,43.0,0.45,2.0,0.0,5,23,52,32
2024-01-23 22:00:00,9.9,64.0,41.0,0.44,2.0,0.0,5,22,54,39
2024-01-23 23:00:00,8.4,54.0,38.0,0.42,2.0,0.0,5,21,57,50
2024-01-24 00:00:00,7.4,30.0,34.0,0.43,2.0,0.0,4,20,59,45
2024-01-24 01:00:00,5.9,26.0,31.0,0.42,2.0,0.0,4,19,62,38
2024-01-24 02:00:00,5.3,21.0,29.0,0.43,2.0,0.0,4,18,63,43
2024-01-24 03:00:00,6.5,19.0,27.0,0.43,2.0,0.0,3,18,65,35
2024-01-24 04:00:00,5.5,13.0,26.0,0.41,2.0,0.0,4,18,66,26
2024-01-24 05:00:00,4.7,12.0,26.0,0.42,2.0,0.0,4,17,67,32
2024-01-24 06:00:00,6.2,17.0,24.0,0.43,3.0,0.0,3,17,68,15
2024-01-24 07:00:00,8.8,21.0,24.0,0.47,3.0,0.0,3,17,67,28
2024-01-24 08:00:00,9.0,24.0,26.0,0.45,3.0,0.0,4,19,62,37
2024-01-24 09:00:00,6.3,22.0,30.0,0.43,3.0,0.0,4,20,57,28
2024-01-24 10:00:00,6.5,29.0,35.0,0.43,3.0,0.0,4,22,53,32
2024-01-24 11:00:00,8.1,29.0,40.0,0.43,3.0,0.0,3,24,49,5
2024-01-24 12:00:00,9.4,36.0,46.40104849279161,0.34007208387942334,3.677588466579292,0.44495412844036697,3,25,46,5
2024-01-24 13:00:00,8.4,30.0,48.0,0.42,3.0,0.0,4,26,43,5
2024-01-24 14:00:00,8.7,32.0,52.0,0.4,3.0,0.0,4,27,41,4
2024-01-24 15:00:00,8.6,34.0,54.0,0.39,2.0,0.0,4,28,40,10
2024-01-24 16:00:00,9.0,38.0,55.0,0.41,3.0,0.0,4,28,41,29
2024-01-24 17:00:00,9.1,36.0,53.0,0.39,3.0,0.0,3,27,44,8
2024-01-24 18:00:00,11.6,45.0,48.0,0.38,4.0,0.0,3,26,46,1
2024-01-24 19:00:00,14.0,50.0,45.0,0.4,4.0,1.0,3,26,47,1
2024-01-24 20:00:00,22.3,60.0,43.0,0.45,4.0,1.0,4,25,48,0
2024-01-24 21:00:00,16.2,48.0,45.0,0.42,3.0,0.0,4,25,49,356
2024-01-24 22:00:00,11.3,39.0,43.0,0.39,3.0,0.0,4,24,51,11
2024-01-24 23:00:00,9.1,40.0,41.0,0.35,2.0,0.0,4,23,53,28
2024-01-25 00:00:00,11.2,34.0,38.0,0.36,2.0,0.0,4,22,56,34
2024-01-25 01:00:00,10.0,27.0,36.0,0.37,2.0,0.0,3,22,58,40
2024-01-25 02:00:00,8.9,23.0,32.0,0.35,2.0,0.0,3,21,60,40
2024-01-25 03:00:00,9.5,23.0,30.0,0.36,2.0,0.0,3,20,61,38
2024-01-25 04:00:00,5.2,15.0,29.0,0.31,2.0,0.0,3,20,62,43
2024-01-25 05:00:00,5.5,15.0,27.0,0.32,2.0,0.0,3,19,64,24
2024-01-25 06:00:00,11.5,22.0,25.0,0.33,5.0,0.0,3,19,65,22
2024-01-25 07:00:00,11.9,25.0,24.0,0.36,4.0,0.0,3,19,65,23
2024-01-25 08:00:00,11.4,23.0,25.0,0.34,4.0,0.0,3,20,63,14
2024-01-25 09:00:00,8.9,25.0,27.0,0.32,4.0,0.0,3,21,61,13
2024-01-25 10:00:00,8.8,26.0,31.0,0.32,4.0,0.0,3,22,57,28
2024-01-25 11:00:00,10.2,32.0,128.0,11.03,4.0,96.0,3,23,54,358
2024-01-25 12:00:00,9.2,30.0,40.0,0.32,3.0,0.0,3,24,52,355
2024-01-25 13:00:00,11.3,32.0,45.0,0.33,3.0,0.0,3,25,49,345
2024-01-25 14:00:00,12.2,37.0,49.0,0.42,3.0,0.0,3,26,47,352
2024-01-25 15:00:00,14.5,42.0,54.0,0.39,3.0,0.0,4,27,45,345
2024-01-25 16:00:00,11.8,38.0,53.0,0.2,3.0,0.0,4,27,46,348
2024-01-25 17:00:00,12.2,51.0,50.0,0.22,3.0,0.0,3,26,49,355
2024-01-25 18:00:00,13.6,42.0,44.0,0.24,4.0,0.0,3,24,53,356
2024-01-25 19:00:00,16.0,43.0,41.0,0.29,4.0,0.0,3,23,56,357
2024-01-25 20:00:00,26.6,56.0,38.0,0.32,5.0,1.0,3,23,57,348
2024-01-25 21:00:00,23.3,51.0,37.0,0.3,4.0,0.0,4,22,58,353
2024-01-25 22:00:00,17.1,37.0,35.0,0.28,4.0,0.0,4,22,60,349
2024-01-25 23:00:00,19.4,41.0,34.0,0.29,3.0,0.0,3,21,61,351
2024-01-26 00:00:00,17.2,35.0,33.0,0.29,3.0,0.0,3,21,62,358
2024-01-26 01:00:00,17.6,35.0,31.0,0.28,3.0,0.0,3,21,63,20
2024-01-26 02:00:00,15.9,30.0,32.0,0.27,3.0,0.0,3,20,63,27
2024-01-26 03:00:00,14.7,26.0,30.0,0.26,3.0,0.0,3,20,64,18
2024-01-26 04:00:00,13.4,23.0,28.0,0.26,3.0,0.0,3,20,65,15
2024-01-26 05:00:00,11.9,21.0,27.0,0.24,3.0,0.0,3,19,66,357
2024-01-26 06:00:00,10.1,19.0,25.0,0.23,3.0,0.0,3,19,68,3
2024-01-26 07:00:00,12.4,26.0,23.0,0.25,4.0,0.0,3,18,72,44
2024-01-26 08:00:00,10.9,24.0,24.0,0.25,4.0,0.0,3,19,71,48
2024-01-26 09:00:00,10.6,20.0,46.40104849279161,0.34007208387942334,3.677588466579292,0.44495412844036697,3,20,66,60
2024-01-26 10:00:00,13.2,29.0,46.40104849279161,0.34007208387942334,3.677588466579292,0.44495412844036697,2,22,60,36
2024-01-26 11:00:00,12.4,29.0,40.0,0.24,3.0,0.0,2,25,53,18
2024-01-26 12:00:00,15.0,34.0,46.0,0.25,3.0,0.0,2,26,48,14
2024-01-26 13:00:00,13.1,30.0,49.0,0.22,3.0,0.0,3,28,45,66
2024-01-26 14:00:00,17.7,34.0,53.0,0.24,3.0,0.0,2,29,43,40
2024-01-26 15:00:00,20.3,38.0,57.0,0.28,2.0,0.0,2,30,42,66
2024-01-26 16:00:00,18.3,36.0,57.0,0.26,3.0,0.0,2,30,43,73
2024-01-26 17:00:00,15.5,30.0,55.0,0.24,3.0,0.0,2,29,45,49
2024-01-26 18:00:00,18.4,45.0,52.0,0.28,4.0,0.0,2,27,49,4
2024-01-26 19:00:00,20.4,58.0,47.0,0.3,6.0,0.0,2,27,52,2
2024-01-26 20:00:00,28.0,60.0,43.0,0.34,6.0,1.0,2,27,53,17
2024-01-26 21:00:00,43.7,76.0,40.0,0.4,6.0,1.0,2,26,55,22
2024-01-26 22:00:00,43.4,73.0,39.0,0.42,7.0,1.0,2,26,56,6
2024-01-26 23:00:00,36.4,66.0,39.0,0.37,5.0,1.0,2,25,59,36
2024-01-27 00:00:00,23.4,44.0,40.0,0.31,4.0,0.0,3,25,60,40
2024-01-27 01:00:00,19.3,41.0,35.0,0.28,3.0,0.0,3,24,63,46
2024-01-27 02:00:00,18.1,37.0,33.0,0.27,3.0,0.0,3,23,65,44
2024-01-27 03:00:00,16.7,31.0,34.0,0.26,3.0,0.0,3,22,66,45
2024-01-27 04:00:00,15.6,29.0,31.0,0.27,3.0,0.0,3,21,70,56
2024-01-27 05:00:00,13.6,24.0,29.0,0.28,3.0,0.0,3,20,72,58
2024-01-27 06:00:00,13.3,24.0,27.0,0.26,3.0,0.0,2,20,75,47
2024-01-27 07:00:00,14.0,27.0,27.0,0.27,3.0,0.0,2,20,73,52
2024-01-27 08:00:00,15.0,26.0,31.0,0.28,3.0,0.0,3,21,68,54
2024-01-27 09:00:00,15.9,28.0,46.40104849279161,0.34007208387942334,3.677588466579292,0.44495412844036697,2,23,61,59
2024-01-27 10:00:00,16.9,32.0,42.0,0.28,3.0,0.0,2,25,55,41
2024-01-27 11:00:00,20.9,44.0,49.0,0.28,3.0,0.0,2,28,48,348
2024-01-27 12:00:00,18.6,39.0,56.0,0.25,2.0,0.0,2,29,44,338
2024-01-27 13:00:00,16.6,33.0,58.0,0.27,2.0,0.0,2,30,41,332
2024-01-27 14:00:00,17.5,37.0,62.0,0.27,2.0,0.0,2,31,39,317
2024-01-27 15:00:00,17.0,40.0,63.0,0.26,2.0,0.0,3,31,40,347
2024-01-27 16:00:00,17.5,43.0,63.0,0.26,2.0,0.0,3,30,41,5
2024-01-27 17:00:00,19.8,44.0,62.0,0.27,2.0,0.0,2,29,44,28
2024-01-27 18:00:00,24.6,56.0,57.0,0.29,3.0,0.0,2,28,48,33
2024-01-27 19:00:00,25.0,56.0,53.0,0.3,3.0,0.0,2,27,51,35
2024-01-27 20:00:00,35.2,64.0,51.0,0.36,4.0,1.0,2,27,53,33
2024-01-27 21:00:00,66.9,99.0,48.0,0.47,5.0,1.0,2,26,56,38
2024-01-27 22:00:00,50.6,78.0,48.0,0.4,4.0,1.0,2,26,58,40
2024-01-27 23:00:00,47.4,73.0,45.0,0.36,4.0,1.0,2,25,61,33
2024-01-28 00:00:00,35.8,57.0,40.0,0.34,3.0,0.0,3,24,64,47
2024-01-28 01:00:00,27.3,47.0,33.0,0.3,3.0,0.0,2,23,67,50
2024-01-28 02:00:00,24.0,43.0,31.0,0.31,3.0,0.0,3,22,71,58
2024-01-28 03:00:00,13.0,24.0,34.0,0.24,2.0,0.0,4,21,70,61
2024-01-28 04:00:00,11.8,20.0,32.0,0.25,2.0,0.0,3,20,72,56
2024-01-28 05:00:00,11.8,20.0,29.0,0.26,2.0,0.0,3,20,76,56
2024-01-28 06:00:00,11.5,21.0,27.0,0.27,2.0,0.0,3,19,76,48
2024-01-28 07:00:00,13.7,25.0,25.0,0.28,3.0,0.0,3,20,75,50
2024-01-28 08:00:00,10.5,19.0,46.40104849279161,0.34007208387942334,3.677588466579292,0.44495412844036697,3,21,70,55
2024-01-28 09:00:00,13.7,28.0,30.0,0.29,3.0,0.0,2,22,65,45
2024-01-28 10:00:00,17.8,39.0,38.0,0.3,3.0,0.0,2,25,58,344
2024-01-28 11:00:00,20.0,40.0,45.0,0.3,3.0,0.0,2,26,53,10
2024-01-28 12:00:00,22.8,42.0,51.0,0.31,3.0,0.0,2,28,48,359
2024-01-28 13:00:00,23.7,44.0,56.0,0.31,2.0,0.0,2,29,46,5
2024-01-28 14:00:00,23.3,44.0,59.0,0.3,2.0,0.0,3,30,44,20
2024-01-28 15:00:00,24.9,54.0,63.0,0.32,3.0,0.0,3,30,44,356
2024-01-28 16:00:00,23.4,51.0,62.0,0.33,2.0,0.0,3,29,46,355
2024-01-28 17:00:00,31.4,60.0,59.0,0.32,3.0,0.0,3,29,48,357
2024-01-28 18:00:00,28.7,53.0,55.0,0.34,4.0,0.0,2,28,50,9
2024-01-28 19:00:00,42.5,78.0,49.0,0.41,6.0,1.0,2,27,53,11
2024-01-28 20:00:00,34.5,60.0,46.0,0.38,4.0,0.0,3,27,55,22
2024-01-28 21:00:00,20.7,41.0,44.0,0.3,2.0,0.0,2,26,56,37
2024-01-28 22:00:00,18.1,39.0,40.0,0.32,3.0,0.0,2,25,59,19
2024-01-28 23:00:00,14.7,35.0,38.0,0.29,3.0,0.0,3,24,59,34
2024-01-29 00:00:00,13.4,31.0,37.0,0.32,2.0,0.0,3,24,60,46
2024-01-29 01:00:00,12.8,30.0,36.0,0.31,2.0,0.0,3,23,62,42
2024-01-29 02:00:00,11.5,27.0,35.0,0.3,2.0,0.0,3,22,65,44
2024-01-29 03:00:00,12.1,23.0,33.0,0.3,2.0,0.0,3,21,67,56
2024-01-29 04:00:00,12.2,22.0,30.0,0.32,2.0,0.0,3,20,70,56
2024-01-29 05:00:00,12.3,22.0,27.0,0.31,3.0,0.0,2,19,73,46
2024-01-29 06:00:00,17.9,30.0,25.0,0.33,3.0,0.0,2,19,72,39
2024-01-29 07:00:00,18.4,31.0,46.40104849279161,0.34007208387942334,3.677588466579292,0.44495412844036697,2,20,71,38
2024-01-29 08:00:00,18.4,36.0,26.0,0.35,4.0,0.0,3,21,67,2
2024-01-29 09:00:00,17.4,33.0,29.0,0.34,4.0,0.0,3,22,64,15
2024-01-29 10:00:00,19.1,37.0,36.0,0.33,4.0,0.0,2,24,58,343
2024-01-29 11:00:00,20.2,48.0,42.0,0.3,4.0,0.0,2,25,53,34
2024-01-29 12:00:00,20.4,49.0,45.0,0.31,3.0,0.0,2,27,48,286
2024-01-29 13:00:00,19.7,48.0,49.0,0.27,3.0,0.0,2,28,45,349
2024-01-29 14:00:00,20.2,47.0,52.0,0.29,3.0,0.0,2,29,44,354
2024-01-29 15:00:00,18.7,44.0,53.0,0.26,3.0,0.0,2,29,43,360
2024-01-29 16:00:00,21.7,48.0,57.0,0.28,3.0,0.0,2,29,45,11
2024-01-29 17:00:00,21.0,48.0,55.0,0.3,3.0,0.0,2,28,48,13
2024-01-29 18:00:00,31.1,63.0,48.0,0.33,5.0,1.0,2,27,51,8
2024-01-29 19:00:00,25.7,54.0,46.0,0.31,4.0,1.0,1,26,53,42
2024-01-29 20:00:00,24.1,51.0,47.0,0.33,3.0,0.0,2,26,54,26
2024-01-29 21:00:00,37.7,71.0,40.0,0.43,6.0,1.0,2,26,56,353
2024-01-29 22:00:00,47.5,76.0,40.0,0.43,5.0,1.0,2,25,58,355
2024-01-29 23:00:00,29.2,54.0,40.0,0.34,4.0,0.0,2,24,62,358
2024-01-30 00:00:00,26.8,51.0,40.0,0.34,3.0,0.0,2,24,64,4
2024-01-30 01:00:00,26.6,46.0,40.0,0.34,3.0,0.0,2,23,66,3
2024-01-30 02:00:00,30.6,50.0,37.0,0.36,4.0,0.0,2,22,71,357
2024-01-30 03:00:00,33.9,53.0,33.0,0.37,4.0,0.0,2,22,74,357
2024-01-30 04:00:00,36.2,51.0,29.0,0.39,5.0,0.0,2,21,77,356
2024-01-30 05:00:00,37.3,52.0,27.0,0.38,5.0,0.0,2,21,80,7
2024-01-30 06:00:00,39.4,56.0,46.40104849279161,0.34007208387942334,3.677588466579292,0.44495412844036697,2,21,80,51
2024-01-30 07:00:00,36.9,55.0,23.0,0.39,6.0,1.0,2,21,78,47
2024-01-30 08:00:00,34.3,54.0,29.0,0.37,5.0,0.0,3,23,70,44
2024-01-30 09:00:00,29.2,50.0,37.0,0.37,4.0,0.0,3,25,62,60
2024-01-30 10:00:00,26.0,51.0,45.0,0.33,3.0,0.0,2,27,54,71
2024-01-30 11:00:00,25.9,50.0,52.0,0.34,3.0,0.0,2,29,49,62
2024-01-30 12:00:00,28.6,52.0,57.0,0.33,3.0,0.0,2,31,44,150
2024-01-30 13:00:00,33.4,58.0,64.0,0.34,3.0,0.0,2,31,41,166
2024-01-30 14:00:00,34.8,62.0,70.0,0.33,3.0,0.0,2,32,40,152
2024-01-30 15:00:00,36.1,63.0,74.0,0.35,3.0,0.0,2,32,39,28
2024-01-30 16:00:00,36.8,71.0,75.0,0.35,3.0,0.0,2,32,39,345
2024-01-30 17:00:00,38.0,62.0,74.0,0.36,3.0,0.0,1,31,41,320
2024-01-30 18:00:00,39.1,65.0,70.0,0.35,3.0,0.0,0,30,44,319
2024-01-30 19:00:00,43.9,65.0,41.0,0.4,19.0,0.0,0,29,49,322
2024-01-30 20:00:00,50.0,101.0,52.0,0.44,9.0,1.0,2,29,49,11
2024-01-30 21:00:00,52.2,91.0,51.0,0.46,6.0,1.0,2,28,51,360
2024-01-30 22:00:00,52.0,80.0,50.0,0.47,5.0,1.0,2,28,55,2
2024-01-30 23:00:00,44.1,73.0,47.0,0.41,5.0,1.0,2,27,61,7
2024-01-31 00:00:00,45.3,73.0,46.0,0.42,4.0,1.0,2,26,64,18
2024-01-31 01:00:00,44.0,66.0,46.0,0.4,4.0,1.0,2,26,66,29
2024-01-31 02:00:00,45.3,67.0,45.0,0.4,4.0,1.0,1,25,68,7
2024-01-31 03:00:00,46.0,66.0,38.0,0.41,6.0,0.0,1,24,71,295
2024-01-31 04:00:00,47.1,70.0,36.0,0.42,6.0,1.0,1,24,72,299
2024-01-31 05:00:00,50.4,72.0,46.40104849279161,0.34007208387942334,3.677588466579292,0.44495412844036697,1,23,75,291
2024-01-31 06:00:00,57.7,79.0,31.0,0.45,8.0,1.0,1,23,75,316
2024-01-31 07:00:00,68.4,88.0,30.0,0.5,10.0,1.0,1,24,70,315
2024-01-31 08:00:00,57.3,81.0,41.0,0.43,6.0,1.0,1,27,62,35
2024-01-31 09:00:00,53.1,78.0,50.0,0.4,5.0,1.0,2,28,57,63
2024-01-31 10:00:00,51.8,85.0,60.0,0.39,4.0,1.0,2,29,52,29
2024-01-31 11:00:00,43.3,70.0,67.0,0.37,4.0,1.0,2,31,46,180
2024-01-31 12:00:00,41.1,70.0,71.0,0.37,4.0,1.0,2,32,43,66
2024-01-31 13:00:00,45.1,74.0,76.0,0.37,3.0,0.0,2,33,40,113
2024-01-31 14:00:00,47.5,74.0,81.0,0.39,3.0,0.0,2,34,38,298
2024-01-31 15:00:00,48.0,72.0,84.0,0.39,3.0,1.0,2,34,38,343
2024-01-31 16:00:00,45.6,70.0,80.0,0.38,3.0,1.0,2,34,37,223
2024-01-31 17:00:00,49.2,71.0,79.0,0.38,4.0,1.0,1,33,39,224
2024-01-31 18:00:00,48.6,66.0,54.0,0.42,18.0,1.0,0,31,45,205
2024-01-31 19:00:00,47.8,66.0,37.0,0.44,26.0,0.0,0,29,50,176
2024-01-31 20:00:00,48.4,67.0,45.0,0.41,19.0,1.0,1,28,52,126
2024-01-31 21:00:00,57.3,78.0,53.0,0.43,11.0,1.0,0,28,54,56
2024-01-31 22:00:00,67.1,89.0,60.0,0.46,8.0,1.0,1,28,54,158
2024-01-31 23:00:00,59.1,80.0,65.0,0.43,5.0,1.0,1,27,55,181
2024-02-01 00:00:00,55.7,79.0,67.0,0.42,3.0,1.0,2,28,55,178
2024-02-01 01:00:00,71.2,93.0,61.0,0.48,4.0,1.0,2,27,57,185
2024-02-01 02:00:00,80.9,103.0,59.0,0.55,4.0,1.0,2,27,58,194
2024-02-01 03:00:00,75.4,104.0,59.0,0.52,3.0,1.0,2,27,59,220
2024-02-01 04:00:00,80.5,107.0,46.40104849279161,0.34007208387942334,3.677588466579292,0.44495412844036697,2,26,63,199
2024-02-01 05:00:00,70.3,94.0,56.0,0.5,3.0,1.0,2,26,63,203
2024-02-01 06:00:00,65.4,84.0,52.0,0.49,5.0,1.0,2,26,65,193
2024-02-01 07:00:00,67.1,88.0,47.0,0.51,7.0,1.0,2,26,64,207
2024-02-01 08:00:00,69.5,95.0,52.0,0.51,6.0,1.0,2,28,60,234
2024-02-01 09:00:00,76.7,115.0,58.0,0.53,6.0,1.0,2,30,53,283
2024-02-01 10:00:00,72.3,112.0,68.0,0.51,5.0,1.0,2,32,47,292
2024-02-01 11:00:00,63.8,93.0,76.0,0.49,3.0,1.0,2,34,41,290
2024-02-01 12:00:00,61.3,85.0,81.0,0.48,3.0,1.0,2,34,38,272
2024-02-01 13:00:00,56.9,77.0,82.0,0.46,3.0,1.0,2,34,39,303
2024-02-01 14:00:00,54.7,80.0,86.0,0.46,3.0,1.0,2,36,35,283
2024-02-01 15:00:00,52.7,76.0,86.0,0.44,3.0,1.0,2,35,35,235
2024-02-01 16:00:00,51.3,76.0,83.0,0.44,3.0,1.0,1,35,36,285
2024-02-01 17:00:00,50.1,71.0,81.0,0.4,3.0,1.0,0,34,37,286
2024-02-01 18:00:00,49.9,69.0,40.0,0.51,27.0,1.0,0,32,44,238
2024-02-01 19:00:00,50.8,71.0,54.0,0.46,17.0,1.0,1,31,46,190
2024-02-01 20:00:00,66.2,91.0,64.0,0.49,7.0,1.0,2,30,49,177
2024-02-01 21:00:00,75.3,97.0,64.0,0.52,5.0,1.0,2,30,50,179
2024-02-01 22:00:00,84.0,106.0,65.0,0.56,4.0,1.0,2,30,52,191
2024-02-01 23:00:00,105.3,139.0,62.0,0.65,4.0,1.0,3,29,56,194
2024-02-02 00:00:00,79.6,107.0,63.0,0.53,4.0,1.0,3,29,57,203
2024-02-02 01:00:00,61.9,84.0,60.0,0.45,3.0,1.0,3,29,61,214
2024-02-02 02:00:00,67.4,87.0,59.0,0.47,3.0,1.0,3,28,63,213
2024-02-02 03:00:00,70.7,91.0,46.40104849279161,0.34007208387942334,3.677588466579292,0.44495412844036697,2,27,66,225
2024-02-02 04:00:00,71.9,93.0,47.0,0.51,4.0,1.0,2,27,69,225
2024-02-02 05:00:00,72.4,93.0,47.0,0.52,4.0,0.0,1,26,72,223
2024-02-02 06:00:00,65.3,84.0,46.0,0.46,6.0,1.0,2,26,75,223
2024-02-02 07:00:00,61.2,80.0,45.0,0.45,6.0,1.0,2,26,75,224
2024-02-02 08:00:00,57.4,82.0,58.0,0.46,6.0,1.0,2,28,67,243
2024-02-02 09:00:00,60.9,108.0,61.0,0.45,7.0,1.0,2,30,60,290
2024-02-02 10:00:00,52.2,78.0,65.0,0.4,5.0,1.0,2,32,48,306
2024-02-02 11:00:00,42.9,63.0,65.0,0.32,4.0,1.0,2,34,40,314
2024-02-02 12:00:00,36.6,53.0,68.0,0.3,3.0,1.0,2,35,37,328
2024-02-02 13:00:00,37.2,55.0,73.0,0.3,3.0,1.0,2,36,34,299
2024-02-02 14:00:00,38.8,56.0,76.0,0.32,2.0,1.0,2,36,34,320
2024-02-02 15:00:00,37.6,55.0,76.0,0.3,2.0,1.0,1,35,35,312
2024-02-02 16:00:00,36.6,53.0,77.0,0.31,2.0,1.0,1,36,34,338
2024-02-02 17:00:00,35.8,53.0,73.0,0.31,3.0,0.0,1,35,35,211
2024-02-02 18:00:00,37.0,58.0,58.0,0.33,12.0,1.0,1,32,41,183
2024-02-02 19:00:00,43.8,68.0,60.0,0.34,9.0,1.0,1,31,44,182
2024-02-02 20:00:00,44.0,66.0,65.0,0.33,6.0,1.0,2,31,46,182
2024-02-02 21:00:00,42.6,63.0,64.0,0.33,7.0,1.0,1,30,47,182
2024-02-02 22:00:00,47.1,66.0,66.0,0.35,4.0,1.0,2,30,50,182
2024-02-02 23:00:00,59.7,85.0,56.0,0.43,4.0,1.0,3,29,58,197
2024-02-03 00:00:00,57.2,82.0,58.0,0.41,3.0,1.0,3,29,62,201
2024-02-03 01:00:00,54.5,76.0,54.0,0.41,3.0,1.0,3,29,64,201
2024-02-03 02:00:00,55.8,75.0,46.40104849279161,0.34007208387942334,3.677588466579292,0.44495412844036697,3,28,69,201
2024-02-03 03:00:00,59.0,80.0,43.0,0.44,4.0,1.0,2,26,74,194
2024-02-03 04:00:00,59.5,80.0,39.0,0.43,4.0,0.0,2,26,77,196
2024-02-03 05:00:00,61.1,79.0,36.0,0.46,5.0,0.0,2,26,80,193
2024-02-03 06:00:00,55.6,72.0,38.0,0.42,6.0,1.0,2,26,80,206
2024-02-03 07:00:00,48.3,61.0,41.0,0.36,7.0,1.0,2,27,75,219
2024-02-03 08:00:00,44.1,63.0,46.0,0.36,5.0,1.0,2,29,68,227
2024-02-03 09:00:00,49.7,69.0,57.0,0.38,5.0,1.0,1,31,60,278
2024-02-03 10:00:00,50.7,74.0,68.0,0.38,4.0,1.0,2,33,54,280
2024-02-03 11:00:00,48.3,68.0,72.0,0.36,2.0,1.0,2,34,48,234
2024-02-03 12:00:00,47.4,66.0,75.0,0.34,2.0,1.0,2,34,46,246
2024-02-03 13:00:00,43.6,63.0,75.0,0.3,2.0,0.0,3,35,42,205
2024-02-03 14:00:00,38.9,59.0,73.0,0.28,2.0,0.0,2,36,37,215
2024-02-03 15:00:00,37.5,52.0,72.0,0.29,2.0,0.0,3,36,38,201
2024-02-03 16:00:00,38.0,59.0,66.0,0.28,2.0,0.0,4,34,44,190
2024-02-03 17:00:00,34.7,64.0,56.0,0.25,3.0,0.0,4,32,49,198
2024-02-03 18:00:00,30.2,45.0,52.0,0.23,3.0,0.0,3,31,49,199
2024-02-03 19:00:00,35.6,57.0,50.0,0.28,4.0,0.0,3,30,55,193
2024-02-03 20:00:00,43.8,60.0,50.0,0.34,4.0,1.0,3,30,58,195
2024-02-03 21:00:00,42.1,55.0,50.0,0.3,4.0,0.0,3,30,59,195
2024-02-03 22:00:00,45.6,63.0,46.0,0.32,4.0,0.0,3,29,63,198
2024-02-03 23:00:00,46.4,66.0,45.0,0.32,4.0,0.0,3,29,65,207
2024-02-04 00:00:00,46.8,64.0,41.0,0.32,4.0,0.0,3,28,69,198
2024-02-04 01:00:00,41.7,54.0,46.40104849279161,0.34007208387942334,3.677588466579292,0.44495412844036697,3,28,71,218
2024-02-04 02:00:00,35.8,48.0,47.0,0.25,3.0,1.0,2,28,72,225
2024-02-04 03:00:00,37.4,50.0,42.0,0.23,4.0,1.0,2,27,74,228
2024-02-04 04:00:00,36.6,50.0,39.0,0.21,4.0,1.0,2,27,75,226
2024-02-04 05:00:00,35.5,49.0,37.0,0.25,4.0,1.0,3,26,76,221
2024-02-04 06:00:00,38.6,54.0,33.0,0.32,4.0,1.0,3,26,78,224
2024-02-04 07:00:00,37.3,53.0,31.0,0.3,5.0,1.0,3,26,77,225
2024-02-04 08:00:00,38.1,83.0,33.0,0.3,6.0,1.0,2,28,70,230
2024-02-04 09:00:00,38.1,81.0,44.0,0.28,4.0,1.0,2,31,59,257
2024-02-04 10:00:00,34.4,67.0,58.0,0.26,3.0,1.0,2,33,52,268
2024-02-04 11:00:00,34.0,53.0,64.0,0.28,2.0,1.0,2,34,47,301
2024-02-04 12:00:00,32.0,48.0,68.0,0.27,2.0,1.0,2,35,44,286
2024-02-04 13:00:00,31.4,49.0,69.0,0.22,2.0,1.0,2,35,40,263
2024-02-04 14:00:00,30.3,54.0,67.0,0.2,2.0,0.0,2,36,36,273
2024-02-04 15:00:00,29.1,49.0,68.0,0.15,1.0,0.0,2,36,35,285
2024-02-04 16:00:00,27.4,42.0,67.0,0.15,2.0,0.0,2,36,34,215
2024-02-04 17:00:00,27.8,49.0,63.0,0.21,3.0,0.0,2,35,36,220
2024-02-04 18:00:00,30.6,51.0,58.0,0.23,7.0,0.0,1,33,40,208
2024-02-04 19:00:00,30.3,45.0,51.0,0.22,11.0,0.0,1,33,42,209
2024-02-04 20:00:00,30.4,43.0,46.0,0.23,13.0,0.0,1,32,44,206
2024-02-04 21:00:00,38.6,64.0,39.0,0.32,12.0,0.0,1,31,52,282
2024-02-04 22:00:00,32.3,50.0,41.0,0.25,11.0,0.0,0,30,55,298
2024-02-04 23:00:00,34.2,53.0,43.0,0.27,9.0,0.0,1,30,54,215
2024-02-05 00:00:00,40.5,59.0,46.40104849279161,0.34007208387942334,3.677588466579292,0.44495412844036697,1,30,54,214
2024-02-05 01:00:00,43.3,61.0,42.0,0.27,5.0,1.0,1,30,55,229
2024-02-05 02:00:00,45.1,64.0,36.0,0.29,7.0,1.0,1,28,60,304
2024-02-05 03:00:00,47.8,69.0,32.0,0.29,8.0,1.0,1,28,61,294
2024-02-05 04:00:00,49.6,69.0,31.0,0.3,8.0,1.0,1,27,62,220
2024-02-05 05:00:00,50.8,71.0,30.0,0.31,7.0,1.0,1,27,64,223
2024-02-05 06:00:00,53.3,74.0,24.0,0.32,9.0,1.0,2,26,68,225
2024-02-05 07:00:00,57.4,79.0,24.0,0.34,11.0,1.0,1,27,62,227
2024-02-05 08:00:00,57.2,88.0,34.0,0.34,10.0,1.0,1,30,49,267
2024-02-05 09:00:00,56.2,94.0,50.0,0.3,7.0,1.0,2,33,37,296
2024-02-05 10:00:00,37.8,64.0,59.0,0.21,4.0,1.0,2,34,32,297
2024-02-05 11:00:00,32.1,53.0,62.0,0.2,3.0,1.0,2,36,30,302
2024-02-05 12:00:00,25.5,39.0,60.0,0.16,2.0,1.0,2,36,29,315
2024-02-05 13:00:00,26.5,44.0,65.0,0.16,2.0,1.0,2,37,29,294
2024-02-05 14:00:00,26.3,43.0,69.0,0.15,2.0,1.0,2,37,28,278
2024-02-05 15:00:00,27.4,43.0,71.0,0.16,2.0,1.0,2,37,27,243
2024-02-05 16:00:00,27.4,47.0,71.0,0.16,2.0,1.0,2,37,28,249
2024-02-05 17:00:00,28.1,50.0,69.0,0.17,2.0,1.0,1,36,30,326
2024-02-05 18:00:00,28.2,46.0,40.0,0.2,22.0,1.0,1,33,35,178
2024-02-05 19:00:00,29.4,52.0,53.0,0.18,9.0,1.0,1,32,37,73
2024-02-05 20:00:00,35.4,58.0,51.0,0.22,10.0,1.0,1,32,39,191
2024-02-05 21:00:00,35.8,55.0,56.0,0.2,8.0,1.0,1,31,38,203
2024-02-05 22:00:00,34.9,53.0,59.0,0.18,4.0,1.0,1,31,38,174
2024-02-05 23:00:00,33.3,53.0,46.40104849279161,0.34007208387942334,3.677588466579292,0.44495412844036697,3,31,42,182
2024-02-06 00:00:00,40.7,64.0,47.0,0.25,4.0,1.0,4,29,59,183
2024-02-06 01:00:00,44.7,66.0,42.0,0.32,3.0,1.0,3,28,67,180
2024-02-06 02:00:00,42.7,63.0,39.0,0.31,3.0,0.0,3,28,71,187
2024-02-06 03:00:00,44.7,64.0,37.0,0.33,3.0,0.0,3,27,75,192
2024-02-06 04:00:00,49.4,70.0,39.0,0.34,4.0,1.0,3,27,73,217
2024-02-06 05:00:00,49.3,67.0,42.0,0.29,4.0,1.0,2,27,69,210
2024-02-06 06:00:00,46.0,62.0,38.0,0.27,5.0,1.0,2,26,71,187
2024-02-06 07:00:00,49.0,65.0,36.0,0.32,6.0,1.0,2,27,69,228
2024-02-06 08:00:00,58.0,83.0,33.0,0.35,9.0,1.0,1,28,56,272
2024-02-06 09:00:00,69.3,102.0,47.0,0.39,10.0,2.0,2,31,43,297
2024-02-06 10:00:00,67.1,100.0,69.0,0.35,6.0,2.0,2,34,36,290
2024-02-06 11:00:00,47.1,74.0,75.0,0.25,4.0,2.0,2,36,29,302
2024-02-06 12:00:00,37.2,58.0,76.0,0.21,3.0,1.0,2,37,26,283
2024-02-06 13:00:00,35.5,55.0,78.0,0.18,2.0,1.0,2,37,27,309
2024-02-06 14:00:00,31.0,48.0,78.0,0.17,2.0,1.0,2,38,26,276
2024-02-06 15:00:00,29.7,46.0,78.0,0.17,2.0,1.0,2,37,26,254
2024-02-06 16:00:00,29.4,46.0,78.0,0.17,2.0,1.0,2,37,27,298
2024-02-06 17:00:00,29.0,46.0,78.0,0.16,3.0,1.0,1,36,30,260
2024-02-06 18:00:00,32.1,53.0,57.0,0.23,16.0,1.0,0,34,34,213
2024-02-06 19:00:00,32.0,51.0,55.0,0.25,15.0,1.0,0,33,38,214
2024-02-06 20:00:00,33.8,51.0,48.0,0.26,16.0,1.0,0,31,41,226
2024-02-06 21:00:00,37.0,56.0,56.0,0.29,10.0,1.0,1,31,41,154
2024-02-06 22:00:00,50.2,75.0,46.40104849279161,0.34007208387942334,3.677588466579292,0.44495412844036697,3,31,47,180
2024-02-06 23:00:00,60.3,91.0,54.0,0.45,5.0,1.0,3,30,57,178
2024-02-07 00:00:00,64.7,94.0,47.0,0.49,5.0,1.0,3,29,64,185
2024-02-07 01:00:00,57.3,88.0,42.0,0.47,4.0,1.0,3,28,71,186
2024-02-07 02:00:00,51.4,74.0,35.0,0.46,4.0,1.0,3,27,76,187
2024-02-07 03:00:00,53.4,76.0,31.0,0.49,4.0,1.0,3,26,79,190
2024-02-07 04:00:00,50.8,73.0,29.0,0.45,4.0,0.0,3,26,80,200
2024-02-07 05:00:00,46.8,62.0,30.0,0.43,5.0,1.0,3,26,79,205
2024-02-07 06:00:00,44.2,58.0,30.0,0.41,5.0,1.0,2,26,79,220
2024-02-07 07:00:00,46.2,62.0,28.0,0.45,7.0,1.0,2,26,79,228
2024-02-07 08:00:00,53.5,76.0,42.0,0.43,7.0,1.0,1,28,62,244
2024-02-07 09:00:00,55.8,81.0,55.0,0.42,7.0,1.0,2,31,52,287
2024-02-07 10:00:00,49.3,73.0,70.0,0.39,5.0,1.0,2,33,44,280
2024-02-07 11:00:00,44.7,73.0,84.0,0.36,4.0,2.0,2,35,39,276
2024-02-07 12:00:00,38.6,62.0,86.0,0.32,3.0,1.0,2,36,32,288
2024-02-07 13:00:00,42.7,67.0,90.0,0.32,3.0,1.0,3,36,30,222
2024-02-07 14:00:00,43.2,62.0,91.0,0.32,3.0,1.0,3,37,27,232
2024-02-07 15:00:00,39.1,57.0,89.0,0.3,3.0,1.0,3,37,27,217
2024-02-07 16:00:00,37.3,56.0,86.0,0.29,3.0,1.0,3,37,27,213
2024-02-07 17:00:00,37.9,56.0,84.0,0.31,4.0,1.0,2,36,28,208
2024-02-07 18:00:00,36.8,57.0,69.0,0.31,11.0,1.0,2,34,31,191
2024-02-07 19:00:00,39.6,62.0,71.0,0.32,8.0,1.0,2,33,34,187
2024-02-07 20:00:00,38.6,60.0,74.0,0.29,4.0,1.0,2,32,36,184
2024-02-07 21:00:00,48.6,70.0,46.40104849279161,0.34007208387942334,3.677588466579292,0.44495412844036697,2,31,41,202
2024-02-07 22:00:00,50.6,71.0,65.0,0.38,5.0,1.0,2,31,43,221
2024-02-07 23:00:00,57.3,81.0,62.0,0.41,5.0,2.0,2,30,45,229
2024-02-08 00:00:00,58.2,77.0,58.0,0.42,5.0,1.0,2,29,50,215
2024-02-08 01:00:00,58.9,78.0,56.0,0.42,5.0,1.0,2,28,55,194
2024-02-08 02:00:00,59.5,79.0,52.0,0.4,6.0,1.0,2,27,59,188
2024-02-08 03:00:00,50.5,68.0,60.0,0.36,5.0,1.0,2,28,56,201
2024-02-08 04:00:00,52.6,69.0,52.0,0.39,5.0,1.0,2,26,64,183
2024-02-08 05:00:00,52.2,70.0,41.0,0.45,5.0,1.0,2,26,76,194
2024-02-08 06:00:00,50.3,68.0,31.0,0.45,7.0,1.0,2,25,81,194
2024-02-08 07:00:00,47.7,68.0,27.0,0.46,6.0,0.0,2,25,85,189
2024-02-08 08:00:00,57.6,79.0,49.0,0.44,6.0,1.0,2,28,63,211
2024-02-08 09:00:00,66.5,93.0,70.0,0.46,5.0,2.0,2,31,50,259
2024-02-08 10:00:00,66.7,95.0,82.0,0.45,5.0,2.0,2,33,42,300
2024-02-08 11:00:00,58.6,82.0,89.0,0.4,4.0,2.0,2,34,36,291
2024-02-08 12:00:00,51.2,71.0,93.0,0.38,3.0,2.0,2,35,31,236
2024-02-08 13:00:00,44.5,66.0,95.0,0.33,3.0,1.0,2,36,28,224
2024-02-08 14:00:00,42.6,62.0,91.0,0.32,3.0,1.0,2,37,26,221
2024-02-08 15:00:00,38.6,56.0,88.0,0.3,2.0,1.0,2,37,23,208
2024-02-08 16:00:00,39.0,60.0,87.0,0.31,3.0,1.0,2,37,23,211
2024-02-08 17:00:00,37.9,59.0,86.0,0.28,4.0,1.0,2,36,26,183
2024-02-08 18:00:00,38.2,65.0,74.0,0.32,8.0,1.0,2,34,33,178
2024-02-08 19:00:00,39.0,63.0,71.0,0.32,6.0,1.0,2,33,40,177
2024-02-08 20:00:00,38.4,59.0,46.40104849279161,0.34007208387942334,3.677588466579292,0.44495412844036697,2,32,43,176
2024-02-08 21:00:00,44.7,68.0,66.0,0.37,4.0,1.0,3,31,46,181
2024-02-08 22:00:00,53.8,78.0,57.0,0.4,5.0,1.0,3,30,50,193
2024-02-08 23:00:00,53.7,74.0,52.0,0.4,5.0,1.0,3,30,52,187
2024-02-09 00:00:00,53.3,73.0,48.0,0.42,4.0,1.0,3,28,59,190
2024-02-09 01:00:00,51.0,70.0,44.0,0.42,5.0,1.0,3,27,65,188
2024-02-09 02:00:00,44.3,61.0,43.0,0.39,3.0,0.0,3,27,72,188
2024-02-09 03:00:00,39.8,53.0,41.0,0.4,3.0,0.0,3,27,76,184
2024-02-09 04:00:00,37.9,52.0,38.0,0.36,3.0,0.0,3,26,80,185
2024-02-09 05:00:00,35.5,50.0,33.0,0.38,3.0,0.0,3,26,81,175
2024-02-09 06:00:00,33.5,48.0,33.0,0.36,3.0,0.0,3,26,80,184
2024-02-09 07:00:00,33.8,47.0,31.0,0.35,4.0,1.0,3,27,77,182
2024-02-09 08:00:00,32.7,48.0,35.0,0.34,4.0,1.0,2,29,69,176
2024-02-09 09:00:00,33.3,54.0,39.0,0.37,4.0,0.0,2,30,66,164
2024-02-09 10:00:00,33.9,56.0,44.0,0.36,3.0,0.0,3,31,64,174
2024-02-09 11:00:00,40.3,65.0,50.0,0.38,3.0,0.0,2,31,61,171
2024-02-09 12:00:00,39.1,61.0,57.0,0.37,2.0,0.0,3,33,52,169
2024-02-09 13:00:00,37.8,59.0,61.0,0.35,2.0,0.0,3,34,49,177
2024-02-09 14:00:00,36.9,59.0,61.0,0.33,3.0,0.0,3,34,45,159
2024-02-09 15:00:00,37.8,60.0,61.0,0.33,3.0,0.0,2,34,44,134
2024-02-09 16:00:00,36.6,59.0,60.0,0.32,3.0,0.0,2,35,42,140
2024-02-09 17:00:00,36.9,60.0,59.0,0.32,2.0,0.0,2,34,43,125
2024-02-09 18:00:00,38.5,66.0,52.0,0.33,3.0,0.0,2,32,48,109
2024-02-09 19:00:00,42.7,75.0,46.40104849279161,0.34007208387942334,3.677588466579292,0.44495412844036697,1,31,52,178
2024-02-09 20:00:00,43.3,72.0,43.0,0.36,4.0,0.0,2,31,56,67
2024-02-09 21:00:00,35.1,60.0,41.0,0.47,3.0,0.0,4,28,63,53
2024-02-09 22:00:00,23.8,47.0,35.0,0.53,3.0,0.0,4,27,61,58
2024-02-09 23:00:00,14.6,35.0,30.0,0.52,2.0,0.0,4,25,62,58
2024-02-10 00:00:00,13.1,28.0,27.0,0.53,2.0,0.0,3,24,65,61
2024-02-10 01:00:00,12.1,33.0,25.0,0.52,2.0,0.0,3,23,68,60
2024-02-10 02:00:00,10.8,25.0,24.0,0.5,2.0,0.0,4,22,69,54
2024-02-10 03:00:00,10.2,24.0,24.0,0.47,2.0,0.0,4,21,70,47
2024-02-10 04:00:00,10.3,24.0,24.0,0.47,2.0,0.0,4,20,72,44
2024-02-10 05:00:00,9.4,19.0,24.0,0.45,2.0,0.0,3,19,73,42
2024-02-10 06:00:00,9.2,19.0,23.0,0.46,3.0,0.0,4,19,73,21
2024-02-10 07:00:00,10.3,26.0,25.0,0.41,2.0,0.0,4,19,71,29
2024-02-10 08:00:00,10.5,26.0,27.0,0.4,2.0,0.0,4,20,66,31
2024-02-10 09:00:00,13.8,34.0,30.0,0.42,2.0,0.0,4,22,61,31
2024-02-10 10:00:00,10.7,30.0,33.0,0.42,2.0,0.0,4,23,56,35
2024-02-10 11:00:00,13.9,33.0,39.0,0.42,2.0,0.0,3,25,52,30
2024-02-10 12:00:00,15.8,34.0,43.0,0.42,2.0,0.0,3,27,48,21
2024-02-10 13:00:00,16.4,40.0,46.0,0.43,2.0,0.0,4,29,45,359
2024-02-10 14:00:00,18.8,44.0,50.0,0.43,2.0,0.0,4,29,44,357
2024-02-10 15:00:00,18.7,43.0,50.0,0.42,2.0,0.0,4,30,44,6
2024-02-10 16:00:00,22.3,50.0,52.0,0.44,2.0,0.0,4,29,45,35
2024-02-10 17:00:00,19.3,52.0,52.0,0.44,2.0,0.0,4,29,46,34
2024-02-10 18:00:00,20.1,52.0,46.40104849279161,0.34007208387942334,3.677588466579292,0.44495412844036697,4,27,48,26
2024-02-10 19:00:00,17.3,49.0,46.0,0.47,3.0,0.0,3,26,50,23
2024-02-10 20:00:00,17.2,48.0,45.0,0.45,3.0,0.0,4,25,51,24
2024-02-10 21:00:00,19.3,47.0,44.0,0.44,3.0,0.0,4,24,53,20
2024-02-10 22:00:00,22.0,49.0,41.0,0.43,3.0,0.0,5,23,53,35
2024-02-10 23:00:00,27.9,52.0,38.0,0.43,3.0,0.0,4,22,55,44
2024-02-11 00:00:00,27.8,48.0,35.0,0.44,3.0,0.0,4,21,58,37
2024-02-11 01:00:00,28.5,46.0,32.0,0.44,3.0,0.0,4,20,60,37
2024-02-11 02:00:00,26.7,46.0,33.0,0.42,2.0,0.0,4,19,62,47
2024-02-11 03:00:00,29.4,47.0,35.0,0.44,2.0,0.0,5,19,64,52
2024-02-11 04:00:00,30.0,44.0,35.0,0.47,2.0,0.0,4,18,66,45
2024-02-11 05:00:00,29.4,43.0,35.0,0.47,2.0,0.0,3,18,68,44
2024-02-11 06:00:00,30.8,46.0,33.0,0.44,3.0,0.0,2,17,70,27
2024-02-11 07:00:00,33.9,50.0,33.0,0.43,3.0,0.0,2,18,68,22
2024-02-11 08:00:00,32.9,50.0,37.0,0.45,3.0,0.0,3,19,62,50
2024-02-11 09:00:00,28.3,45.0,40.0,0.42,3.0,0.0,3,21,57,43
2024-02-11 10:00:00,35.5,56.0,44.0,0.44,3.0,0.0,3,23,52,14
2024-02-11 11:00:00,32.2,51.0,48.0,0.45,3.0,0.0,3,25,47,344
2024-02-11 12:00:00,28.2,50.0,52.0,0.43,2.0,0.0,3,27,43,359
2024-02-11 13:00:00,25.2,49.0,53.0,0.46,2.0,0.0,3,28,39,352
2024-02-11 14:00:00,23.8,47.0,56.0,0.42,2.0,0.0,3,29,38,5
2024-02-11 15:00:00,25.0,52.0,59.0,0.46,2.0,1.0,3,30,37,351
2024-02-11 16:00:00,24.4,55.0,61.0,0.45,2.0,0.0,4,29,37,357
2024-02-11 17:00:00,21.6,52.0,46.40104849279161,0.34007208387942334,3.677588466579292,0.44495412844036697,3,28,40,1
2024-02-11 18:00:00,22.5,59.0,52.0,0.46,3.0,1.0,3,27,43,23
2024-02-11 19:00:00,26.5,58.0,49.0,0.48,4.0,1.0,3,26,45,20
2024-02-11 20:00:00,35.2,60.0,46.0,0.52,5.0,1.0,3,25,46,24
2024-02-11 21:00:00,45.9,80.0,41.0,0.55,7.0,1.0,2,24,49,21
2024-02-11 22:00:00,47.1,83.0,41.0,0.55,6.0,1.0,3,24,52,27
2024-02-11 23:00:00,35.1,60.0,40.0,0.51,3.0,1.0,4,23,55,46
2024-02-12 00:00:00,31.7,53.0,38.0,0.5,3.0,0.0,4,22,58,53
2024-02-12 01:00:00,33.0,51.0,35.0,0.51,3.0,0.0,3,21,62,49
2024-02-12 02:00:00,31.3,46.0,37.0,0.5,3.0,0.0,3,20,64,45
2024-02-12 03:00:00,30.1,44.0,38.0,0.47,2.0,0.0,4,19,66,49
2024-02-12 04:00:00,27.9,38.0,39.0,0.48,2.0,0.0,3,18,69,54
2024-02-12 05:00:00,29.6,42.0,37.0,0.48,3.0,0.0,3,18,71,48
2024-02-12 06:00:00,31.6,44.0,36.0,0.48,3.0,0.0,3,17,73,60
2024-02-12 07:00:00,32.7,45.0,37.0,0.5,3.0,0.0,3,18,72,58
2024-02-12 08:00:00,30.5,50.0,39.0,0.49,3.0,0.0,3,20,66,49
2024-02-12 09:00:00,30.5,48.0,41.0,0.52,3.0,0.0,3,21,60,29
2024-02-12 10:00:00,33.2,54.0,46.0,0.51,3.0,0.0,3,23,54,2
2024-02-12 11:00:00,31.6,53.0,49.0,0.49,3.0,0.0,3,25,49,17
2024-02-12 12:00:00,33.7,55.0,51.0,0.5,3.0,0.0,2,27,44,20
2024-02-12 13:00:00,34.3,58.0,56.0,0.52,3.0,1.0,3,29,41,343
2024-02-12 14:00:00,39.6,67.0,61.0,0.52,3.0,1.0,3,30,38,340
2024-02-12 15:00:00,36.3,70.0,60.0,0.5,3.0,0.0,3,30,37,349
2024-02-12 16:00:00,34.0,67.0,46.40104849279161,0.34007208387942334,3.677588466579292,0.44495412844036697,3,30,37,347
2024-02-12 17:00:00,29.6,72.0,60.0,0.47,3.0,0.0,3,29,39,357
2024-02-12 18:00:00,28.9,63.0,54.0,0.48,5.0,1.0,2,28,42,26
2024-02-12 19:00:00,31.0,62.0,52.0,0.49,4.0,1.0,2,27,44,63
2024-02-12 20:00:00,25.5,48.0,51.0,0.43,3.0,0.0,3,26,45,61
2024-02-12 21:00:00,24.2,43.0,52.0,0.41,3.0,0.0,2,26,46,65
2024-02-12 22:00:00,25.3,46.0,52.0,0.42,3.0,0.0,2,25,48,63
2024-02-12 23:00:00,32.0,50.0,49.0,0.45,3.0,1.0,2,25,50,58
2024-02-13 00:00:00,36.3,58.0,47.0,0.48,3.0,1.0,3,24,53,61
2024-02-13 01:00:00,42.3,64.0,40.0,0.53,4.0,1.0,2,22,61,51
2024-02-13 02:00:00,41.9,63.0,35.0,0.53,4.0,0.0,2,21,66,55
2024-02-13 03:00:00,39.1,60.0,32.0,0.52,4.0,0.0,2,21,70,48
2024-02-13 04:00:00,34.6,51.0,29.0,0.48,4.0,0.0,2,20,74,54
2024-02-13 05:00:00,32.1,48.0,29.0,0.48,4.0,0.0,3,19,77,56
2024-02-13 06:00:00,27.8,41.0,28.0,0.44,4.0,0.0,2,18,80,65
2024-02-13 07:00:00,28.9,43.0,30.0,0.47,4.0,0.0,2,19,78,57
2024-02-13 08:00:00,27.3,53.0,33.0,0.46,4.0,0.0,2,21,69,46
2024-02-13 09:00:00,26.6,57.0,38.0,0.43,4.0,0.0,2,24,61,57
2024-02-13 10:00:00,26.0,54.0,47.0,0.41,4.0,0.0,1,27,49,323
2024-02-13 11:00:00,28.4,75.0,57.0,0.42,4.0,0.0,2,29,43,329
2024-02-13 12:00:00,32.8,65.0,70.0,0.44,4.0,0.0,2,31,37,320
2024-02-13 13:00:00,34.2,56.0,76.0,0.43,3.0,0.0,2,32,33,315
2024-02-13 14:00:00,40.0,63.0,82.0,0.46,3.0,0.0,2,33,31,324
2024-02-13 15:00:00,43.0,72.0,46.40104849279161,0.34007208387942334,3.677588466579292,0.44495412844036697,2,33,30,325
2024-02-13 16:00:00,47.9,70.0,79.0,0.49,3.0,1.0,3,32,31,356
2024-02-13 17:00:00,47.0,76.0,76.0,0.48,4.0,1.0,2,31,33,13
2024-02-13 18:00:00,55.7,92.0,68.0,0.53,5.0,1.0,1,29,38,43
2024-02-13 19:00:00,55.5,90.0,68.0,0.55,4.0,1.0,1,28,42,51
2024-02-13 20:00:00,55.9,86.0,69.0,0.55,4.0,1.0,1,28,44,44
2024-02-13 21:00:00,60.0,85.0,67.0,0.59,4.0,1.0,2,27,45,35
2024-02-13 22:00:00,82.4,116.0,54.0,0.69,7.0,1.0,1,26,52,24
2024-02-13 23:00:00,76.4,102.0,58.0,0.63,5.0,1.0,1,26,52,47
2024-02-14 00:00:00,68.7,88.0,61.0,0.6,4.0,1.0,1,25,51,60
2024-02-14 01:00:00,61.2,82.0,64.0,0.53,3.0,1.0,1,25,51,53
2024-02-14 02:00:00,54.6,74.0,62.0,0.52,3.0,1.0,2,25,54,43
2024-02-14 03:00:00,65.9,87.0,48.0,0.6,4.0,1.0,2,23,61,67
2024-02-14 04:00:00,66.8,88.0,36.0,0.57,4.0,1.0,2,22,68,96
2024-02-14 05:00:00,60.7,80.0,30.0,0.56,4.0,1.0,2,21,72,85
2024-02-14 06:00:00,57.9,77.0,28.0,0.55,4.0,0.0,2,21,74,85
2024-02-14 07:00:00,51.5,69.0,27.0,0.49,4.0,0.0,2,21,73,71
2024-02-14 08:00:00,46.5,78.0,29.0,0.49,5.0,0.0,2,24,65,88
2024-02-14 09:00:00,49.0,89.0,38.0,0.49,5.0,0.0,2,27,55,146
2024-02-14 10:00:00,50.5,99.0,49.0,0.47,4.0,0.0,2,29,46,179
2024-02-14 11:00:00,36.8,71.0,58.0,0.41,3.0,0.0,2,32,36,108
2024-02-14 12:00:00,36.5,68.0,66.0,0.43,3.0,0.0,2,33,34,137
2024-02-14 13:00:00,39.2,65.0,70.0,0.44,3.0,1.0,2,34,31,144
2024-02-14 14:00:00,39.6,63.0,46.40104849279161,0.34007208387942334,3.677588466579292,0.44495412844036697,2,34,29,340
2024-02-14 15:00:00,39.9,66.0,75.0,0.43,3.0,1.0,2,35,28,336
2024-02-14 16:00:00,38.7,63.0,76.0,0.44,4.0,1.0,2,34,27,357
2024-02-14 17:00:00,40.0,69.0,72.0,0.42,3.0,1.0,2,33,29,17
2024-02-14 18:00:00,43.6,78.0,66.0,0.46,4.0,1.0,1,32,32,33
2024-02-14 19:00:00,45.0,80.0,62.0,0.47,4.0,1.0,1,30,34,53
2024-02-14 20:00:00,51.8,85.0,62.0,0.49,4.0,1.0,2,30,36,56
2024-02-14 21:00:00,76.0,107.0,64.0,0.58,5.0,1.0,2,29,40,60
2024-02-14 22:00:00,101.9,130.0,62.0,0.65,4.0,1.0,2,28,45,65
2024-02-14 23:00:00,72.1,95.0,63.0,0.55,3.0,1.0,2,28,47,76
2024-02-15 00:00:00,68.6,92.0,61.0,0.55,3.0,1.0,1,27,47,88
2024-02-15 01:00:00,64.2,85.0,62.0,0.51,3.0,1.0,1,27,45,88
2024-02-15 02:00:00,64.3,82.0,55.0,0.54,6.0,1.0,1,25,51,189
2024-02-15 03:00:00,101.1,123.0,39.0,0.79,19.0,2.0,0,24,56,235
2024-02-15 04:00:00,196.1,222.0,29.0,1.16,31.0,3.0,1,24,58,175
2024-02-15 05:00:00,178.6,206.0,32.0,1.07,26.0,3.0,1,24,58,165
2024-02-15 06:00:00,89.2,114.0,35.0,0.67,14.0,1.0,1,23,62,71
2024-02-15 07:00:00,68.4,93.0,47.0,0.56,5.0,1.0,2,25,56,106
2024-02-15 08:00:00,58.4,89.0,41.0,0.53,5.0,1.0,2,27,53,107
2024-02-15 09:00:00,51.4,110.0,46.40104849279161,0.34007208387942334,3.677588466579292,0.44495412844036697,2,30,44,96
2024-02-15 10:00:00,45.3,84.0,57.0,0.44,4.0,0.0,3,32,38,60
2024-02-15 11:00:00,39.6,65.0,65.0,0.42,2.0,1.0,2,33,32,353
2024-02-15 12:00:00,37.2,63.0,70.0,0.43,1.0,1.0,2,35,28,334
2024-02-15 13:00:00,37.3,68.0,46.40104849279161,0.34007208387942334,3.677588466579292,0.44495412844036697,3,36,23,347
2024-02-15 14:00:00,38.3,62.0,76.0,0.4,3.0,1.0,2,36,22,345
2024-02-15 15:00:00,36.4,69.0,76.0,0.37,3.0,1.0,3,36,22,354
2024-02-15 16:00:00,36.7,77.0,76.0,0.37,4.0,1.0,3,36,23,43
2024-02-15 17:00:00,35.7,65.0,74.0,0.38,4.0,1.0,2,35,25,48
2024-02-15 18:00:00,37.5,73.0,67.0,0.39,4.0,1.0,1,33,28,52
2024-02-15 19:00:00,43.2,78.0,64.0,0.41,5.0,1.0,2,32,31,58
2024-02-15 20:00:00,56.9,91.0,66.0,0.48,4.0,1.0,2,31,34,56
2024-02-15 21:00:00,93.2,129.0,61.0,0.64,6.0,2.0,2,30,35,58
2024-02-15 22:00:00,87.1,118.0,63.0,0.57,5.0,1.0,2,30,35,85
2024-02-15 23:00:00,69.9,98.0,66.0,0.52,3.0,1.0,1,29,36,82
2024-02-16 00:00:00,64.3,88.0,66.0,0.49,3.0,1.0,2,29,37,69
2024-02-16 01:00:00,82.6,111.0,53.0,0.57,5.0,1.0,3,27,44,61
2024-02-16 02:00:00,56.7,85.0,30.0,0.48,5.0,1.0,3,25,58,62
2024-02-16 03:00:00,46.6,69.0,24.0,0.45,5.0,1.0,2,24,64,65
2024-02-16 04:00:00,37.4,59.0,22.0,0.4,4.0,0.0,2,23,69,62
2024-02-16 05:00:00,27.8,43.0,22.0,0.35,4.0,0.0,2,22,73,65
2024-02-16 06:00:00,25.8,40.0,21.0,0.34,4.0,0.0,3,22,75,58
2024-02-16 07:00:00,24.2,40.0,23.0,0.34,4.0,0.0,3,22,74,59
2024-02-16 08:00:00,19.6,38.0,29.0,0.3,3.0,0.0,4,24,67,58
2024-02-16 09:00:00,21.6,41.0,34.0,0.32,3.0,0.0,4,26,60,59
2024-02-16 10:00:00,24.9,46.0,38.0,0.34,3.0,0.0,3,28,53,49
2024-02-16 11:00:00,27.2,57.0,43.0,0.35,3.0,0.0,2,30,46,82
2024-02-16 12:00:00,28.3,53.0,46.40104849279161,0.34007208387942334,3.677588466579292,0.44495412844036697,2,32,41,43
2024-02-16 13:00:00,28.6,51.0,54.0,0.35,3.0,0.0,2,33,36,62
2024-02-16 14:00:00,28.9,51.0,58.0,0.35,2.0,0.0,3,34,34,21
2024-02-16 15:00:00,29.8,55.0,62.0,0.34,2.0,0.0,2,34,33,41
2024-02-16 16:00:00,34.5,59.0,66.0,0.39,3.0,0.0,2,34,33,32
2024-02-16 17:00:00,36.4,65.0,66.0,0.4,3.0,0.0,2,33,36,31
2024-02-16 18:00:00,42.6,75.0,61.0,0.43,3.0,1.0,2,32,38,31
2024-02-16 19:00:00,50.2,83.0,60.0,0.46,4.0,1.0,2,31,40,64
2024-02-16 20:00:00,52.4,82.0,59.0,0.46,4.0,1.0,2,30,43,54
2024-02-16 21:00:00,70.7,100.0,55.0,0.55,4.0,1.0,2,29,46,57
2024-02-16 22:00:00,63.1,89.0,53.0,0.49,4.0,1.0,2,28,48,51
2024-02-16 23:00:00,48.9,75.0,49.0,0.44,4.0,1.0,2,28,48,50
2024-02-17 00:00:00,42.7,67.0,46.0,0.41,3.0,1.0,2,27,48,52
2024-02-17 01:00:00,46.7,67.0,39.0,0.46,4.0,1.0,2,26,54,82
2024-02-17 02:00:00,44.1,64.0,33.0,0.45,4.0,1.0,2,25,59,105
2024-02-17 03:00:00,44.0,62.0,30.0,0.43,5.0,0.0,2,24,63,81
2024-02-17 04:00:00,39.3,58.0,27.0,0.43,4.0,0.0,2,23,66,89
2024-02-17 05:00:00,37.4,53.0,25.0,0.42,4.0,0.0,2,23,70,58
2024-02-17 06:00:00,36.9,54.0,25.0,0.42,4.0,0.0,2,22,71,65
2024-02-17 07:00:00,37.0,55.0,24.0,0.41,4.0,0.0,2,23,69,69
2024-02-17 08:00:00,32.5,52.0,28.0,0.39,4.0,0.0,2,25,63,112
2024-02-17 09:00:00,42.9,75.0,35.0,0.47,4.0,1.0,2,28,53,149
2024-02-17 10:00:00,49.1,76.0,44.0,0.5,4.0,1.0,2,30,49,174
2024-02-17 11:00:00,58.0,83.0,46.40104849279161,0.34007208387942334,3.677588466579292,0.44495412844036697,2,32,45,185
2024-02-17 12:00:00,56.5,82.0,62.0,0.53,4.0,1.0,2,34,40,186
2024-02-17 13:00:00,53.5,84.0,65.0,0.51,3.0,1.0,2,35,35,220
2024-02-17 14:00:00,50.7,76.0,69.0,0.52,3.0,1.0,2,36,33,238
2024-02-17 15:00:00,52.8,75.0,70.0,0.53,3.0,1.0,2,36,32,220
2024-02-17 16:00:00,49.0,71.0,69.0,0.53,3.0,1.0,2,35,32,234
2024-02-17 17:00:00,52.1,74.0,70.0,0.53,3.0,1.0,2,35,33,193
2024-02-17 18:00:00,56.2,89.0,66.0,0.56,5.0,1.0,1,33,38,179
2024-02-17 19:00:00,59.7,90.0,63.0,0.57,6.0,1.0,2,32,41,177
2024-02-17 20:00:00,65.4,94.0,64.0,0.6,5.0,1.0,2,31,44,180
2024-02-17 21:00:00,73.1,101.0,66.0,0.63,6.0,1.0,3,31,48,178
2024-02-17 22:00:00,79.4,110.0,61.0,0.66,6.0,1.0,3,30,51,178
2024-02-17 23:00:00,86.9,120.0,52.0,0.73,6.0,1.0,3,29,57,190
2024-02-18 00:00:00,76.2,103.0,46.0,0.69,5.0,1.0,4,28,63,202
2024-02-18 01:00:00,43.0,62.0,41.0,0.48,4.0,0.0,4,27,67,215
2024-02-18 02:00:00,35.5,50.0,35.0,0.46,4.0,0.0,3,27,71,222
2024-02-18 03:00:00,28.8,41.0,32.0,0.39,4.0,0.0,3,26,74,221
2024-02-18 04:00:00,27.5,40.0,30.0,0.39,4.0,0.0,2,26,76,229
2024-02-18 05:00:00,28.3,41.0,27.0,0.37,4.0,0.0,2,26,77,221
2024-02-18 06:00:00,26.5,38.0,25.0,0.37,4.0,0.0,3,26,78,222
2024-02-18 07:00:00,24.0,37.0,23.0,0.34,5.0,0.0,2,27,75,229
2024-02-18 08:00:00,21.6,35.0,28.0,0.3,4.0,0.0,2,28,68,229
2024-02-18 09:00:00,23.9,40.0,35.0,0.35,3.0,0.0,2,30,60,250
2024-02-18 10:00:00,26.5,46.0,46.40104849279161,0.34007208387942334,3.677588466579292,0.44495412844036697,2,33,49,245
2024-02-18 11:00:00,31.3,55.0,56.0,0.37,2.0,0.0,2,33,44,235
2024-02-18 12:00:00,37.7,59.0,64.0,0.42,2.0,1.0,3,34,39,212
2024-02-18 13:00:00,39.4,64.0,67.0,0.44,2.0,1.0,3,35,37,221
2024-02-18 14:00:00,36.1,58.0,67.0,0.41,2.0,0.0,3,36,35,212
2024-02-18 15:00:00,33.6,52.0,63.0,0.39,2.0,0.0,1,36,34,239
2024-02-18 16:00:00,32.5,52.0,63.0,0.38,3.0,0.0,1,35,35,232
2024-02-18 17:00:00,34.8,59.0,63.0,0.38,3.0,0.0,2,35,36,187
2024-02-18 18:00:00,36.6,64.0,56.0,0.41,6.0,0.0,1,34,39,204
2024-02-18 19:00:00,42.0,74.0,58.0,0.44,5.0,1.0,2,33,42,183
2024-02-18 20:00:00,52.4,92.0,56.0,0.49,4.0,1.0,3,32,44,181
2024-02-18 21:00:00,47.1,76.0,50.0,0.47,5.0,1.0,3,31,44,194
2024-02-18 22:00:00,56.1,88.0,47.0,0.46,5.0,1.0,3,31,49,196
2024-02-18 23:00:00,52.4,82.0,45.0,0.43,5.0,1.0,3,30,52,200
2024-02-19 00:00:00,43.1,72.0,45.0,0.39,4.0,1.0,4,29,53,212
2024-02-19 01:00:00,40.1,64.0,44.0,0.39,3.0,1.0,4,29,55,212
2024-02-19 02:00:00,37.6,57.0,40.0,0.39,4.0,0.0,3,28,63,222
2024-02-19 03:00:00,35.3,54.0,41.0,0.4,4.0,1.0,3,27,70,223
2024-02-19 04:00:00,31.1,46.0,37.0,0.36,4.0,1.0,3,27,75,222
2024-02-19 05:00:00,31.1,45.0,32.0,0.35,4.0,0.0,3,26,78,226
2024-02-19 06:00:00,32.0,46.0,28.0,0.35,5.0,0.0,2,26,80,234
2024-02-19 07:00:00,33.0,48.0,28.0,0.39,5.0,0.0,2,26,78,235
2024-02-19 08:00:00,29.4,49.0,32.0,0.35,4.0,0.0,2,28,67,233
2024-02-19 09:00:00,28.9,57.0,46.40104849279161,0.34007208387942334,3.677588466579292,0.44495412844036697,2,31,57,248
2024-02-19 10:00:00,29.4,49.0,52.0,0.34,3.0,1.0,2,33,48,256
2024-02-19 11:00:00,34.1,56.0,61.0,0.39,3.0,0.0,3,34,42,221
2024-02-19 12:00:00,32.5,55.0,64.0,0.37,2.0,0.0,3,35,38,220
2024-02-19 13:00:00,31.6,56.0,65.0,0.37,2.0,0.0,3,36,34,226
2024-02-19 14:00:00,30.1,51.0,66.0,0.35,2.0,0.0,3,37,30,241
2024-02-19 15:00:00,29.1,49.0,64.0,0.33,2.0,0.0,3,37,30,197
2024-02-19 16:00:00,29.2,52.0,64.0,0.36,3.0,0.0,3,36,32,197
2024-02-19 17:00:00,31.4,55.0,65.0,0.37,4.0,0.0,2,35,35,177
2024-02-19 18:00:00,32.1,57.0,59.0,0.37,4.0,0.0,2,34,37,177
2024-02-19 19:00:00,34.3,64.0,55.0,0.39,4.0,1.0,3,33,41,178
2024-02-19 20:00:00,41.0,76.0,52.0,0.45,5.0,1.0,2,32,45,181
2024-02-19 21:00:00,55.0,87.0,48.0,0.5,5.0,1.0,3,31,45,198
2024-02-19 22:00:00,47.8,79.0,46.0,0.48,5.0,1.0,3,31,49,197
2024-02-19 23:00:00,50.1,79.0,42.0,0.49,5.0,1.0,3,30,52,196
2024-02-20 00:00:00,40.1,64.0,41.0,0.44,4.0,1.0,3,29,59,211
2024-02-20 01:00:00,29.7,45.0,40.0,0.36,4.0,1.0,3,28,64,220
2024-02-20 02:00:00,25.9,42.0,37.0,0.34,4.0,1.0,3,28,69,220
2024-02-20 03:00:00,23.8,37.0,32.0,0.35,4.0,1.0,2,27,73,224
2024-02-20 04:00:00,24.2,37.0,28.0,0.35,5.0,1.0,2,26,76,218
2024-02-20 05:00:00,21.9,34.0,27.0,0.32,5.0,1.0,2,26,77,217
2024-02-20 06:00:00,19.9,30.0,22.0,0.32,5.0,1.0,3,26,76,211
2024-02-20 07:00:00,16.8,26.0,20.0,0.3,4.0,0.0,3,27,69,212
2024-02-20 08:00:00,13.8,29.0,46.40104849279161,0.34007208387942334,3.677588466579292,0.44495412844036697,2,30,59,233
2024-02-20 09:00:00,11.2,28.0,26.0,0.27,3.0,0.0,3,32,50,231
2024-02-20 10:00:00,15.1,34.0,36.0,0.3,2.0,0.0,3,33,45,238
2024-02-20 11:00:00,19.0,49.0,44.0,0.32,2.0,0.0,3,35,42,265
2024-02-20 12:00:00,20.2,45.0,50.0,0.31,2.0,0.0,3,36,39,255
2024-02-20 13:00:00,21.0,43.0,53.0,0.32,2.0,0.0,3,37,35,232
2024-02-20 14:00:00,21.1,38.0,54.0,0.33,2.0,0.0,3,36,33,206
2024-02-20 15:00:00,20.7,41.0,51.0,0.31,2.0,0.0,3,37,33,206
2024-02-20 16:00:00,20.6,37.0,49.0,0.32,3.0,0.0,3,36,34,203
2024-02-20 17:00:00,23.0,41.0,50.0,0.32,3.0,0.0,3,35,37,202
2024-02-20 18:00:00,24.4,47.0,49.0,0.33,3.0,0.0,2,34,41,204
2024-02-20 19:00:00,24.2,45.0,48.0,0.33,3.0,0.0,2,33,42,202
2024-02-20 20:00:00,26.4,47.0,41.0,0.37,4.0,0.0,2,32,45,179
2024-02-20 21:00:00,34.7,58.0,38.0,0.42,5.0,1.0,3,31,51,189
2024-02-20 22:00:00,36.7,60.0,36.0,0.44,5.0,1.0,3,30,58,195
2024-02-20 23:00:00,33.4,55.0,33.0,0.45,4.0,0.0,3,30,64,200
2024-02-21 00:00:00,31.9,56.0,30.0,0.46,4.0,0.0,3,29,68,201
2024-02-21 01:00:00,26.7,46.0,27.0,0.39,4.0,0.0,3,28,70,195
2024-02-21 02:00:00,22.4,36.0,25.0,0.37,4.0,0.0,3,28,71,197
2024-02-21 03:00:00,20.9,32.0,27.0,0.35,4.0,0.0,3,27,71,196
2024-02-21 04:00:00,21.7,32.0,27.0,0.34,4.0,0.0,3,26,72,197
2024-02-21 05:00:00,22.2,32.0,30.0,0.34,3.0,0.0,3,26,71,201
2024-02-21 06:00:00,21.5,30.0,32.0,0.33,3.0,0.0,4,27,68,204
2024-02-21 07:00:00,22.8,34.0,46.40104849279161,0.34007208387942334,3.677588466579292,0.44495412844036697,3,27,66,209
2024-02-21 08:00:00,23.9,39.0,37.0,0.36,4.0,0.0,4,29,57,220
2024-02-21 09:00:00,25.0,51.0,43.0,0.34,4.0,0.0,2,32,50,226
2024-02-21 10:00:00,21.8,37.0,47.0,0.33,2.0,0.0,4,33,46,211
2024-02-21 11:00:00,22.3,43.0,48.0,0.35,3.0,0.0,4,34,43,201
2024-02-21 12:00:00,19.4,35.0,44.0,0.33,2.0,0.0,4,36,38,207
2024-02-21 13:00:00,17.2,34.0,42.0,0.31,2.0,0.0,4,37,35,204
2024-02-21 14:00:00,17.9,32.0,46.40104849279161,0.34007208387942334,3.677588466579292,0.44495412844036697,4,37,36,196
2024-02-21 15:00:00,17.3,32.0,45.0,0.33,1.0,0.0,4,37,36,192
2024-02-21 16:00:00,18.0,31.0,46.0,0.31,2.0,0.0,3,36,36,201
2024-02-21 17:00:00,18.2,30.0,46.0,0.3,2.0,0.0,3,36,35,185
2024-02-21 18:00:00,18.8,34.0,40.0,0.32,3.0,0.0,2,34,38,189
2024-02-21 19:00:00,28.2,53.0,40.0,0.4,4.0,1.0,2,33,41,176
2024-02-21 20:00:00,33.2,59.0,42.0,0.43,4.0,1.0,2,32,48,184
2024-02-21 21:00:00,32.3,56.0,41.0,0.41,4.0,1.0,2,31,52,187
2024-02-21 22:00:00,32.6,57.0,40.0,0.42,4.0,0.0,3,31,52,205
2024-02-21 23:00:00,25.6,46.0,34.0,0.37,4.0,0.0,2,30,55,196
2024-02-22 00:00:00,27.3,49.0,35.0,0.41,4.0,0.0,3,29,61,196
2024-02-22 01:00:00,26.8,46.0,40.0,0.37,3.0,0.0,3,29,64,202
2024-02-22 02:00:00,29.2,52.0,27.0,0.46,3.0,0.0,3,28,71,192
2024-02-22 03:00:00,24.0,41.0,22.0,0.37,4.0,0.0,4,27,72,191
2024-02-22 04:00:00,20.6,33.0,23.0,0.34,3.0,1.0,4,27,74,196
2024-02-22 05:00:00,18.4,28.0,24.0,0.33,3.0,0.0,3,27,74,201
2024-02-22 06:00:00,17.6,27.0,46.40104849279161,0.34007208387942334,3.677588466579292,0.44495412844036697,3,27,72,210
2024-02-22 07:00:00,18.9,27.0,27.0,0.32,4.0,0.0,3,28,66,226
2024-02-22 08:00:00,21.2,39.0,37.0,0.33,3.0,0.0,2,31,51,233
2024-02-22 09:00:00,21.6,33.0,44.0,0.33,2.0,0.0,3,33,44,223
2024-02-22 10:00:00,21.4,40.0,48.0,0.33,2.0,0.0,2,34,42,244
2024-02-22 11:00:00,22.1,41.0,53.0,0.33,1.0,0.0,3,35,40,216
2024-02-22 12:00:00,23.3,41.0,57.0,0.35,1.0,0.0,3,36,39,208
2024-02-22 13:00:00,23.9,40.0,56.0,0.35,2.0,0.0,2,36,36,195
2024-02-22 14:00:00,22.5,38.0,55.0,0.34,2.0,0.0,3,37,33,180
2024-02-22 15:00:00,21.5,37.0,54.0,0.33,2.0,0.0,2,37,33,174
2024-02-22 16:00:00,20.7,35.0,55.0,0.33,2.0,0.0,2,37,33,185
2024-02-22 17:00:00,22.1,38.0,55.0,0.34,3.0,0.0,2,36,35,180
2024-02-22 18:00:00,26.2,47.0,54.0,0.36,4.0,0.0,2,35,39,178
2024-02-22 19:00:00,28.2,46.0,52.0,0.36,4.0,0.0,2,34,42,178
2024-02-22 20:00:00,30.7,51.0,52.0,0.38,3.0,0.0,3,33,43,178
2024-02-22 21:00:00,37.2,61.0,48.0,0.44,3.0,0.0,3,32,48,181
2024-02-22 22:00:00,37.8,61.0,40.0,0.45,4.0,0.0,4,31,54,183
2024-02-22 23:00:00,36.1,60.0,37.0,0.46,4.0,0.0,3,30,57,193
2024-02-23 00:00:00,34.8,55.0,42.0,0.43,3.0,1.0,4,30,56,202
2024-02-23 01:00:00,30.8,49.0,47.0,0.4,2.0,1.0,3,29,57,197
2024-02-23 02:00:00,30.2,47.0,44.0,0.38,2.0,0.0,4,29,60,198
2024-02-23 03:00:00,29.8,44.0,38.0,0.4,3.0,1.0,4,28,66,214
2024-02-23 04:00:00,28.8,43.0,33.0,0.37,3.0,1.0,3,28,70,222
2024-02-23 05:00:00,25.5,38.0,46.40104849279161,0.34007208387942334,3.677588466579292,0.44495412844036697,2,27,74,224
2024-02-23 06:00:00,26.9,40.0,27.0,0.38,5.0,1.0,2,27,77,229
2024-02-23 07:00:00,25.6,39.0,25.0,0.37,4.0,1.0,2,28,74,238
2024-02-23 08:00:00,23.8,39.0,31.0,0.34,4.0,0.0,2,30,66,235
2024-02-23 09:00:00,24.0,42.0,42.0,0.35,3.0,0.0,2,32,58,206
2024-02-23 10:00:00,29.7,50.0,54.0,0.38,2.0,1.0,2,34,49,211
2024-02-23 11:00:00,31.0,51.0,61.0,0.4,2.0,1.0,3,34,46,211
2024-02-23 12:00:00,32.5,51.0,63.0,0.41,2.0,0.0,2,36,43,198
2024-02-23 13:00:00,35.1,54.0,64.0,0.43,2.0,0.0,2,36,39,179
2024-02-23 14:00:00,34.1,52.0,63.0,0.41,3.0,0.0,2,37,34,178
2024-02-23 15:00:00,34.5,50.0,66.0,0.37,3.0,1.0,2,37,33,184
2024-02-23 16:00:00,34.3,55.0,67.0,0.4,3.0,0.0,2,37,34,157
2024-02-23 17:00:00,35.9,54.0,63.0,0.43,3.0,0.0,2,36,37,160
2024-02-23 18:00:00,40.3,64.0,56.0,0.46,5.0,0.0,1,34,40,169
2024-02-23 19:00:00,39.3,62.0,54.0,0.42,5.0,0.0,1,34,43,172
2024-02-23 20:00:00,41.5,66.0,51.0,0.45,5.0,0.0,2,33,47,175
2024-02-23 21:00:00,44.4,66.0,49.0,0.47,5.0,1.0,2,32,50,175
2024-02-23 22:00:00,46.4,69.0,43.0,0.49,5.0,1.0,3,31,55,180
2024-02-23 23:00:00,41.4,64.0,36.0,0.48,4.0,0.0,3,30,63,187
2024-02-24 00:00:00,35.4,56.0,36.0,0.44,3.0,0.0,3,29,65,194
2024-02-24 01:00:00,35.5,53.0,38.0,0.43,3.0,0.0,4,29,66,206
2024-02-24 02:00:00,33.8,52.0,39.0,0.41,2.0,0.0,3,29,66,205
2024-02-24 03:00:00,34.0,49.0,36.0,0.4,3.0,0.0,3,28,69,221
2024-02-24 04:00:00,32.5,46.0,46.40104849279161,0.34007208387942334,3.677588466579292,0.44495412844036697,2,27,73,221
2024-02-24 05:00:00,31.5,45.0,32.0,0.39,4.0,1.0,2,27,76,223
2024-02-24 06:00:00,31.2,45.0,30.0,0.36,4.0,0.0,2,27,78,220
2024-02-24 07:00:00,34.5,51.0,28.0,0.42,5.0,0.0,2,27,75,185
2024-02-24 08:00:00,41.2,62.0,31.0,0.46,7.0,0.0,2,29,70,139
2024-02-24 09:00:00,30.8,47.0,42.0,0.36,4.0,0.0,2,31,63,184
2024-02-24 10:00:00,28.5,45.0,52.0,0.35,2.0,0.0,2,32,55,192
2024-02-24 11:00:00,29.7,51.0,57.0,0.36,2.0,0.0,2,33,49,174
2024-02-24 12:00:00,29.3,48.0,56.0,0.37,2.0,0.0,2,34,47,205
2024-02-24 13:00:00,30.9,50.0,57.0,0.37,2.0,0.0,2,35,43,184
2024-02-24 14:00:00,31.9,49.0,60.0,0.38,2.0,0.0,2,35,41,178
2024-02-24 15:00:00,32.7,54.0,63.0,0.39,2.0,0.0,2,35,39,161
2024-02-24 16:00:00,34.4,55.0,63.0,0.4,2.0,0.0,1,36,39,164
2024-02-24 17:00:00,36.0,57.0,62.0,0.38,2.0,0.0,1,35,39,132
2024-02-24 18:00:00,41.5,74.0,57.0,0.45,3.0,0.0,1,34,43,113
2024-02-24 19:00:00,49.9,86.0,49.0,0.48,6.0,0.0,1,32,47,208
2024-02-24 20:00:00,46.7,75.0,47.0,0.4,6.0,0.0,1,32,49,214
2024-02-24 21:00:00,45.4,71.0,48.0,0.39,5.0,0.0,1,32,50,189
2024-02-24 22:00:00,44.8,70.0,47.0,0.5,4.0,0.0,2,31,53,180
2024-02-24 23:00:00,41.9,68.0,39.0,0.49,4.0,0.0,3,30,60,183
2024-02-25 00:00:00,42.7,68.0,35.0,0.5,4.0,0.0,2,29,62,167
2024-02-25 01:00:00,44.6,72.0,29.0,0.51,5.0,0.0,1,29,64,97
2024-02-25 02:00:00,47.1,73.0,28.0,0.48,5.0,0.0,2,28,66,65
2024-02-25 03:00:00,45.0,65.0,46.40104849279161,0.34007208387942334,3.677588466579292,0.44495412844036697,2,27,65,60
2024-02-25 04:00:00,37.2,58.0,23.0,0.41,3.0,0.0,2,26,65,63
2024-02-25 05:00:00,31.4,50.0,20.0,0.36,3.0,0.0,3,25,67,58
2024-02-25 06:00:00,24.3,42.0,19.0,0.32,2.0,0.0,3,25,69,61
2024-02-25 07:00:00,23.4,41.0,20.0,0.29,2.0,0.0,4,25,68,56
2024-02-25 08:00:00,22.7,43.0,25.0,0.29,2.0,0.0,3,26,63,56
2024-02-25 09:00:00,26.7,58.0,30.0,0.3,2.0,0.0,2,28,56,83
2024-02-25 10:00:00,41.2,70.0,39.0,0.39,2.0,0.0,2,30,50,146
2024-02-25 11:00:00,45.6,81.0,50.0,0.42,3.0,0.0,2,32,46,151
2024-02-25 12:00:00,39.4,65.0,58.0,0.39,2.0,0.0,2,34,44,168
2024-02-25 13:00:00,39.3,72.0,61.0,0.42,2.0,0.0,2,34,42,323
2024-02-25 14:00:00,38.8,68.0,63.0,0.4,2.0,0.0,2,35,41,311
2024-02-25 15:00:00,38.9,62.0,64.0,0.4,2.0,0.0,2,35,38,138
2024-02-25 16:00:00,39.3,63.0,66.0,0.41,2.0,0.0,2,35,38,120
2024-02-25 17:00:00,44.9,69.0,69.0,0.43,2.0,0.0,2,34,40,52
2024-02-25 18:00:00,44.6,70.0,60.0,0.41,2.0,0.0,2,33,43,61
2024-02-25 19:00:00,48.3,82.0,54.0,0.46,3.0,0.0,2,32,47,56
2024-02-25 20:00:00,57.2,89.0,54.0,0.47,3.0,1.0,3,31,51,62
2024-02-25 21:00:00,63.8,90.0,54.0,0.5,3.0,1.0,3,30,53,61
2024-02-25 22:00:00,63.7,91.0,52.0,0.49,3.0,1.0,2,30,56,68
2024-02-25 23:00:00,62.9,83.0,50.0,0.49,3.0,1.0,2,29,57,59
2024-02-26 00:00:00,63.3,84.0,42.0,0.49,4.0,1.0,3,28,58,58
2024-02-26 01:00:00,40.0,60.0,37.0,0.42,3.0,1.0,3,27,58,65
2024-02-26 02:00:00,31.0,49.0,46.40104849279161,0.34007208387942334,3.677588466579292,0.44495412844036697,2,26,61,86
2024-02-26 03:00:00,29.6,46.0,29.0,0.41,4.0,1.0,2,25,64,51
2024-02-26 04:00:00,23.3,40.0,25.0,0.4,3.0,0.0,3,24,67,63
2024-02-26 05:00:00,19.7,32.0,23.0,0.39,3.0,0.0,3,24,70,69
2024-02-26 06:00:00,19.7,31.0,22.0,0.37,3.0,0.0,3,23,72,58
2024-02-26 07:00:00,20.5,34.0,22.0,0.37,3.0,0.0,2,24,69,61
2024-02-26 08:00:00,22.5,44.0,27.0,0.39,3.0,0.0,2,26,62,99
2024-02-26 09:00:00,32.9,59.0,34.0,0.39,3.0,0.0,2,28,53,169
2024-02-26 10:00:00,40.5,65.0,41.0,0.42,2.0,1.0,2,30,45,160
2024-02-26 11:00:00,46.8,71.0,50.0,0.44,2.0,0.0,2,32,41,154
2024-02-26 12:00:00,48.1,72.0,58.0,0.45,2.0,1.0,2,34,38,176
2024-02-26 13:00:00,43.6,72.0,62.0,0.41,2.0,0.0,2,35,36,32
2024-02-26 14:00:00,41.0,65.0,67.0,0.38,2.0,0.0,2,35,35,18
2024-02-26 15:00:00,38.8,63.0,69.0,0.38,2.0,0.0,2,35,34,43
2024-02-26 16:00:00,37.6,64.0,69.0,0.39,2.0,0.0,2,35,34,70
2024-02-26 17:00:00,37.1,58.0,68.0,0.36,1.0,0.0,2,34,35,53
2024-02-26 18:00:00,37.3,59.0,63.0,0.34,2.0,0.0,2,33,37,59
2024-02-26 19:00:00,42.8,74.0,58.0,0.37,3.0,1.0,2,32,42,57
2024-02-26 20:00:00,53.9,82.0,60.0,0.42,3.0,1.0,2,31,45,62
2024-02-26 21:00:00,59.1,85.0,57.0,0.44,3.0,1.0,1,30,48,96
2024-02-26 22:00:00,55.5,81.0,55.0,0.45,3.0,1.0,1,29,50,86
2024-02-26 23:00:00,57.1,81.0,58.0,0.43,3.0,1.0,2,29,50,61
2024-02-27 00:00:00,55.5,78.0,57.0,0.43,2.0,1.0,2,28,52,74
2024-02-27 01:00:00,54.2,75.0,46.40104849279161,0.34007208387942334,3.677588466579292,0.44495412844036697,2,28,54,86
2024-02-27 02:00:00,59.8,81.0,40.0,0.48,4.0,1.0,2,26,62,90
2024-02-27 03:00:00,50.0,71.0,29.0,0.45,4.0,1.0,2,25,65,79
2024-02-27 04:00:00,43.0,62.0,24.0,0.4,4.0,1.0,2,24,68,81
2024-02-27 05:00:00,36.1,53.0,21.0,0.39,4.0,0.0,2,23,71,69
2024-02-27 06:00:00,35.0,54.0,19.0,0.39,5.0,1.0,2,23,73,62
2024-02-27 07:00:00,30.9,47.0,21.0,0.39,4.0,0.0,3,23,71,59
2024-02-27 08:00:00,24.2,43.0,27.0,0.35,4.0,0.0,3,25,65,53
2024-02-27 09:00:00,26.1,60.0,34.0,0.35,4.0,0.0,2,28,57,73
2024-02-27 10:00:00,30.5,77.0,42.0,0.36,4.0,0.0,2,30,49,86
2024-02-27 11:00:00,32.7,58.0,47.0,0.33,3.0,0.0,2,32,44,169
2024-02-27 12:00:00,29.5,49.0,50.0,0.3,3.0,0.0,2,34,40,166
2024-02-27 13:00:00,20.8,36.0,46.0,0.25,2.0,0.0,2,35,37,180
2024-02-27 14:00:00,16.7,32.0,46.0,0.23,2.0,0.0,2,35,35,142
2024-02-27 15:00:00,15.6,31.0,47.0,0.21,2.0,0.0,2,36,31,137
2024-02-27 16:00:00,15.8,29.0,48.0,0.21,2.0,0.0,2,36,28,121
2024-02-27 17:00:00,14.9,29.0,47.0,0.2,2.0,0.0,2,35,29,52
2024-02-27 18:00:00,17.0,39.0,44.0,0.2,2.0,0.0,2,34,33,56
2024-02-27 19:00:00,21.4,46.0,43.0,0.24,3.0,0.0,2,33,36,50
2024-02-27 20:00:00,27.0,57.0,44.0,0.28,3.0,0.0,2,32,40,57
2024-02-27 21:00:00,34.1,60.0,44.0,0.32,3.0,1.0,2,31,44,126
2024-02-27 22:00:00,33.5,56.0,40.0,0.28,5.0,1.0,1,31,45,175
2024-02-27 23:00:00,34.7,57.0,34.0,0.32,6.0,1.0,1,30,49,156
2024-02-28 00:00:00,42.1,63.0,46.40104849279161,0.34007208387942334,3.677588466579292,0.44495412844036697,1,29,53,173
2024-02-28 01:00:00,45.1,66.0,37.0,0.39,4.0,1.0,2,29,54,61
2024-02-28 02:00:00,51.7,71.0,35.0,0.44,4.0,1.0,1,27,59,88
2024-02-28 03:00:00,55.0,76.0,32.0,0.51,4.0,1.0,2,27,62,71
2024-02-28 04:00:00,49.8,69.0,28.0,0.51,4.0,1.0,3,25,67,60
2024-02-28 05:00:00,33.5,48.0,23.0,0.49,4.0,1.0,3,24,73,58
2024-02-28 06:00:00,23.0,38.0,21.0,0.48,4.0,0.0,3,23,75,59
2024-02-28 07:00:00,19.0,35.0,22.0,0.45,4.0,0.0,3,24,72,57
2024-02-28 08:00:00,20.8,43.0,26.0,0.46,4.0,0.0,2,26,64,75
2024-02-28 09:00:00,31.4,63.0,35.0,0.46,4.0,1.0,2,29,56,133
2024-02-28 10:00:00,33.5,55.0,42.0,0.42,3.0,0.0,3,31,51,174
2024-02-28 11:00:00,36.5,57.0,51.0,0.38,3.0,0.0,2,33,47,188
2024-02-28 12:00:00,35.8,54.0,48.0,0.36,2.0,0.0,2,34,43,217
2024-02-28 13:00:00,33.5,50.0,49.0,0.32,2.0,0.0,1,35,41,284
2024-02-28 14:00:00,31.2,46.0,51.0,0.29,2.0,0.0,1,34,40,219
2024-02-28 15:00:00,27.5,44.0,52.0,0.26,2.0,0.0,1,35,37,4
2024-02-28 16:00:00,25.5,47.0,51.0,0.26,3.0,0.0,2,35,38,47
2024-02-28 17:00:00,23.7,44.0,53.0,0.24,2.0,0.0,2,35,37,36
2024-02-28 18:00:00,24.6,43.0,48.0,0.25,3.0,0.0,1,33,40,65
2024-02-28 19:00:00,29.1,56.0,44.0,0.3,7.0,0.0,1,32,43,91
2024-02-28 20:00:00,35.5,67.0,51.0,0.34,3.0,1.0,2,32,45,74
2024-02-28 21:00:00,39.8,66.0,52.0,0.36,3.0,1.0,2,31,48,101
2024-02-28 22:00:00,41.3,68.0,50.0,0.37,3.0,1.0,1,30,50,130
2024-02-28 23:00:00,40.2,60.0,46.40104849279161,0.34007208387942334,3.677588466579292,0.44495412844036697,1,29,52,206
2024-02-29 00:00:00,41.1,60.0,45.0,0.35,4.0,1.0,2,29,54,178
2024-02-29 01:00:00,37.9,58.0,44.0,0.32,4.0,1.0,3,29,54,179
2024-02-29 02:00:00,37.5,58.0,45.0,0.34,4.0,1.0,2,29,54,180
2024-02-29 03:00:00,37.2,57.0,40.0,0.34,4.0,1.0,2,28,58,178
2024-02-29 04:00:00,38.3,59.0,34.0,0.34,6.0,1.0,1,27,61,221
2024-02-29 05:00:00,41.0,62.0,32.0,0.36,5.0,1.0,1,27,64,286
2024-02-29 06:00:00,42.1,67.0,29.0,0.38,6.0,1.0,1,27,66,317
2024-02-29 07:00:00,51.1,83.0,23.0,0.45,9.0,1.0,1,27,66,154
2024-02-29 08:00:00,36.9,56.0,38.0,0.28,5.0,1.0,2,30,61,187
2024-02-29 09:00:00,33.9,56.0,46.40104849279161,0.34007208387942334,3.677588466579292,0.44495412844036697,2,32,55,275
2024-02-29 11:00:00,31.9,50.0,60.0,0.27,3.0,1.0,2,34,47,206
2024-02-29 12:00:00,32.6,51.0,63.0,0.29,3.0,1.0,1,34,46,259
2024-02-29 13:00:00,37.3,59.0,64.0,0.31,2.0,0.0,1,35,43,222
2024-02-29 14:00:00,46.7,69.0,65.0,0.38,3.0,0.0,2,36,38,180
2024-02-29 15:00:00,48.7,68.0,69.0,0.41,3.0,0.0,1,36,37,180
2024-02-29 16:00:00,45.7,65.0,72.0,0.38,3.0,0.0,2,36,33,181
2024-02-29 17:00:00,44.5,65.0,70.0,0.37,4.0,0.0,1,36,36,155
2024-02-29 18:00:00,47.7,73.0,58.0,0.38,8.0,0.0,1,34,40,223
2024-02-29 19:00:00,53.8,83.0,55.0,0.46,7.0,1.0,1,33,43,233
2024-02-29 20:00:00,48.0,75.0,54.0,0.35,6.0,0.0,1,33,43,188
2024-02-29 21:00:00,51.9,77.0,52.0,0.4,5.0,1.0,1,32,46,185
2024-02-29 22:00:00,52.5,79.0,46.40104849279161,0.34007208387942334,3.677588466579292,0.44495412844036697,2,31,48,180
2024-02-29 23:00:00,53.1,86.0,44.0,0.37,5.0,1.0,2,30,57,184
2024-03-01 00:00:00,54.9,86.0,41.0,0.39,5.0,1.0,2,29,63,195
2024-03-01 01:00:00,44.3,68.0,41.0,0.32,3.0,0.0,3,29,66,219
2024-03-01 02:00:00,38.2,58.0,39.0,0.29,4.0,0.0,2,28,70,226
2024-03-01 03:00:00,32.6,50.0,37.0,0.22,4.0,0.0,2,28,74,229
2024-03-01 04:00:00,47.3,70.0,29.0,0.37,5.0,0.0,2,27,72,69
2024-03-01 05:00:00,49.5,71.0,24.0,0.37,5.0,0.0,2,26,70,69
2024-03-01 06:00:00,43.1,64.0,21.0,0.39,4.0,1.0,3,25,72,62
2024-03-01 07:00:00,29.1,46.0,24.0,0.34,3.0,0.0,3,25,69,58
2024-03-01 08:00:00,26.9,50.0,28.0,0.34,4.0,0.0,3,26,63,76
2024-03-01 09:00:00,28.2,61.0,36.0,0.33,3.0,0.0,2,28,57,47
2024-03-01 10:00:00,31.2,74.0,45.0,0.33,4.0,0.0,2,31,51,91
2024-03-01 11:00:00,35.3,79.0,57.0,0.29,3.0,0.0,2,32,50,167
2024-03-01 12:00:00,37.0,78.0,65.0,0.3,3.0,1.0,2,34,47,4
2024-03-01 13:00:00,38.6,66.0,68.0,0.31,2.0,1.0,2,34,45,323
2024-03-01 14:00:00,41.0,72.0,71.0,0.31,3.0,1.0,2,35,43,343
2024-03-01 15:00:00,40.5,66.0,70.0,0.31,3.0,0.0,2,35,40,20
2024-03-01 16:00:00,41.3,65.0,70.0,0.34,3.0,0.0,1,34,41,81
2024-03-01 17:00:00,42.5,68.0,68.0,0.33,3.0,0.0,2,34,41,58
2024-03-01 18:00:00,45.6,80.0,63.0,0.36,3.0,0.0,2,33,43,56
2024-03-01 19:00:00,52.7,90.0,60.0,0.42,3.0,0.0,2,32,47,49
2024-03-01 20:00:00,62.9,93.0,61.0,0.45,3.0,1.0,2,31,52,57
2024-03-01 21:00:00,66.1,92.0,46.40104849279161,0.34007208387942334,3.677588466579292,0.44495412844036697,3,31,55,60
2024-03-01 22:00:00,62.2,88.0,51.0,0.46,4.0,1.0,3,30,55,59
2024-03-01 23:00:00,49.8,73.0,45.0,0.43,3.0,1.0,3,29,56,57
2024-03-02 00:00:00,38.0,63.0,42.0,0.45,3.0,1.0,2,28,56,75
2024-03-02 01:00:00,33.2,59.0,37.0,0.46,3.0,1.0,3,26,59,57
2024-03-02 02:00:00,30.4,56.0,32.0,0.43,3.0,1.0,3,26,61,56
2024-03-02 03:00:00,23.9,48.0,27.0,0.41,3.0,1.0,4,24,64,58
2024-03-02 04:00:00,18.3,40.0,25.0,0.4,3.0,0.0,3,23,67,50
2024-03-02 05:00:00,14.0,26.0,25.0,0.37,2.0,0.0,4,22,68,58
2024-03-02 06:00:00,14.0,29.0,23.0,0.36,3.0,0.0,3,22,71,59
2024-03-02 07:00:00,13.9,27.0,24.0,0.37,3.0,0.0,3,22,69,58
2024-03-02 08:00:00,14.9,32.0,27.0,0.39,3.0,0.0,4,23,64,52
2024-03-02 09:00:00,17.0,41.0,32.0,0.42,3.0,0.0,3,25,57,49
2024-03-02 10:00:00,19.1,44.0,38.0,0.4,3.0,0.0,3,27,53,47
2024-03-02 11:00:00,20.0,49.0,44.0,0.33,2.0,0.0,2,29,47,79
2024-03-02 12:00:00,22.9,50.0,51.0,0.31,2.0,0.0,2,31,45,152
2024-03-02 13:00:00,23.8,53.0,56.0,0.28,2.0,0.0,2,32,43,116
2024-03-02 14:00:00,25.7,62.0,61.0,0.29,2.0,0.0,2,33,41,21
2024-03-02 15:00:00,29.6,63.0,64.0,0.3,2.0,0.0,2,33,40,87
2024-03-02 16:00:00,29.2,61.0,64.0,0.3,2.0,0.0,2,33,41,21
2024-03-02 17:00:00,29.4,55.0,62.0,0.29,2.0,0.0,2,33,42,51
2024-03-02 18:00:00,29.1,63.0,56.0,0.3,2.0,0.0,2,32,44,44
2024-03-02 19:00:00,37.3,71.0,58.0,0.37,3.0,1.0,3,30,49,47
2024-03-02 20:00:00,67.0,95.0,46.40104849279161,0.34007208387942334,3.677588466579292,0.44495412844036697,3,30,50,60
2024-03-02 21:00:00,52.7,81.0,50.0,0.45,3.0,1.0,3,29,52,58
2024-03-02 22:00:00,41.1,65.0,44.0,0.39,4.0,1.0,3,28,54,58
2024-03-02 23:00:00,35.1,61.0,44.0,0.39,3.0,1.0,3,27,55,60
2024-03-03 00:00:00,37.7,64.0,43.0,0.42,3.0,1.0,2,26,57,79
2024-03-03 01:00:00,31.1,57.0,42.0,0.41,3.0,1.0,3,25,58,52
2024-03-03 02:00:00,28.6,50.0,38.0,0.39,3.0,1.0,3,25,60,54
2024-03-03 03:00:00,24.8,45.0,35.0,0.39,3.0,1.0,3,24,61,53
2024-03-03 04:00:00,22.7,40.0,32.0,0.37,3.0,1.0,3,23,64,55
2024-03-03 05:00:00,21.1,39.0,29.0,0.35,3.0,0.0,2,22,67,42
2024-03-03 06:00:00,19.9,38.0,27.0,0.35,3.0,0.0,2,22,68,56
2024-03-03 07:00:00,21.7,41.0,27.0,0.36,3.0,0.0,2,22,67,57
2024-03-03 08:00:00,22.8,49.0,31.0,0.37,3.0,0.0,2,24,60,42
2024-03-03 09:00:00,26.8,63.0,39.0,0.38,4.0,0.0,2,27,53,109
2024-03-03 10:00:00,26.7,50.0,48.0,0.37,3.0,0.0,2,29,49,111
2024-03-03 11:00:00,22.8,43.0,51.0,0.31,2.0,0.0,3,31,44,181
2024-03-03 12:00:00,24.8,45.0,59.0,0.35,2.0,0.0,2,33,41,194
2024-03-03 13:00:00,28.8,49.0,62.0,0.34,2.0,0.0,2,34,39,216
2024-03-03 14:00:00,28.7,50.0,59.0,0.33,1.0,0.0,2,36,36,249
2024-03-03 15:00:00,30.3,51.0,62.0,0.35,1.0,0.0,2,36,35,249
2024-03-03 16:00:00,30.9,48.0,64.0,0.33,1.0,0.0,2,35,36,228
2024-03-03 17:00:00,30.2,48.0,65.0,0.33,2.0,0.0,2,34,38,193
2024-03-03 18:00:00,30.1,47.0,53.0,0.34,9.0,0.0,1,33,40,185
2024-03-03 19:00:00,32.4,51.0,46.40104849279161,0.34007208387942334,3.677588466579292,0.44495412844036697,0,32,43,187
2024-03-03 20:00:00,33.4,53.0,43.0,0.36,14.0,0.0,0,31,45,190
2024-03-03 21:00:00,37.1,61.0,47.0,0.36,9.0,1.0,1,31,47,102
2024-03-03 22:00:00,38.3,71.0,55.0,0.36,4.0,1.0,1,30,49,101
2024-03-03 23:00:00,46.3,79.0,53.0,0.4,4.0,1.0,2,29,53,177
2024-03-04 00:00:00,46.0,76.0,50.0,0.4,5.0,1.0,2,29,54,177
2024-03-04 01:00:00,42.5,71.0,49.0,0.41,5.0,1.0,1,29,55,201
2024-03-04 02:00:00,42.3,67.0,43.0,0.4,6.0,1.0,1,28,59,194
2024-03-04 03:00:00,39.1,62.0,42.0,0.35,4.0,1.0,2,28,58,200
2024-03-04 04:00:00,40.3,68.0,41.0,0.35,4.0,1.0,2,28,57,215
2024-03-04 05:00:00,39.9,60.0,43.0,0.3,3.0,1.0,2,28,63,221
2024-03-04 06:00:00,40.9,60.0,37.0,0.27,5.0,1.0,2,27,71,226
2024-03-04 07:00:00,38.7,56.0,35.0,0.22,5.0,1.0,2,28,71,232
2024-03-04 08:00:00,35.2,59.0,36.0,0.16,4.0,0.0,3,30,67,233
2024-03-04 09:00:00,32.4,52.0,43.0,0.18,3.0,0.0,3,31,61,230
2024-03-04 10:00:00,34.3,53.0,56.0,0.21,3.0,1.0,2,33,54,277
2024-03-04 11:00:00,34.5,55.0,65.0,0.21,3.0,1.0,3,35,46,253
2024-03-04 12:00:00,33.4,52.0,69.0,0.22,2.0,1.0,3,36,44,204
2024-03-04 13:00:00,32.1,53.0,70.0,0.21,2.0,0.0,2,36,41,223
2024-03-04 14:00:00,31.5,50.0,72.0,0.2,2.0,1.0,3,37,38,238
2024-03-04 15:00:00,30.4,52.0,73.0,0.19,2.0,0.0,2,38,35,236
2024-03-04 16:00:00,30.1,55.0,73.0,0.19,2.0,0.0,2,37,36,212
2024-03-04 17:00:00,30.8,52.0,71.0,0.18,3.0,0.0,2,36,37,196
2024-03-04 18:00:00,35.3,59.0,46.40104849279161,0.34007208387942334,3.677588466579292,0.44495412844036697,2,35,41,182
2024-03-04 19:00:00,36.4,62.0,59.0,0.24,3.0,0.0,3,34,47,183
2024-03-04 20:00:00,37.0,65.0,54.0,0.25,3.0,1.0,4,33,51,184
2024-03-04 21:00:00,37.1,69.0,44.0,0.24,3.0,1.0,4,32,57,190
2024-03-04 22:00:00,26.8,49.0,42.0,0.15,2.0,0.0,4,31,61,206
2024-03-04 23:00:00,24.5,39.0,41.0,0.13,2.0,0.0,4,31,64,205
2024-03-05 00:00:00,21.4,34.0,41.0,0.11,2.0,0.0,4,30,68,204
2024-03-05 01:00:00,20.8,34.0,38.0,0.12,3.0,0.0,3,29,71,200
2024-03-05 02:00:00,21.6,33.0,36.0,0.14,3.0,0.0,3,28,74,204
2024-03-05 03:00:00,20.4,33.0,37.0,0.11,3.0,0.0,3,28,75,216
2024-03-05 04:00:00,21.2,32.0,34.0,0.12,3.0,0.0,3,27,78,225
2024-03-05 05:00:00,22.6,36.0,33.0,0.11,3.0,0.0,2,27,78,228
2024-03-05 06:00:00,24.0,37.0,28.0,0.13,5.0,0.0,2,26,81,222
2024-03-05 07:00:00,26.8,41.0,29.0,0.15,5.0,1.0,2,27,77,220
2024-03-05 08:00:00,29.9,52.0,36.0,0.12,4.0,1.0,3,30,68,227
2024-03-05 09:00:00,33.1,52.0,46.0,0.12,4.0,1.0,3,31,62,216
2024-03-05 10:00:00,32.1,58.0,58.0,0.14,3.0,1.0,3,34,52,258
2024-03-05 11:00:00,31.4,57.0,65.0,0.16,2.0,1.0,3,36,44,277
2024-03-05 12:00:00,29.9,55.0,66.0,0.12,2.0,1.0,2,38,36,277
2024-03-05 13:00:00,26.2,50.0,66.0,0.12,2.0,0.0,3,38,30,218
2024-03-05 14:00:00,25.7,55.0,68.0,0.1,1.0,0.0,3,39,26,226
2024-03-05 15:00:00,25.2,51.0,70.0,0.09,2.0,0.0,3,39,24,252
2024-03-05 16:00:00,23.6,53.0,70.0,0.09,2.0,0.0,2,39,23,258
2024-03-05 17:00:00,24.3,46.0,46.40104849279161,0.34007208387942334,3.677588466579292,0.44495412844036697,2,38,24,259
2024-03-05 18:00:00,24.9,47.0,58.0,0.11,7.0,1.0,1,36,26,253
2024-03-05 19:00:00,27.1,54.0,46.0,0.13,16.0,1.0,1,35,29,211
2024-03-05 20:00:00,31.8,57.0,55.0,0.13,6.0,1.0,2,34,39,202
2024-03-05 21:00:00,35.0,58.0,53.0,0.14,5.0,1.0,2,33,43,218
2024-03-05 22:00:00,33.8,53.0,52.0,0.17,4.0,1.0,2,32,43,225
2024-03-05 23:00:00,34.0,51.0,51.0,0.15,4.0,1.0,3,31,48,219
2024-03-06 00:00:00,35.6,52.0,53.0,0.14,3.0,1.0,3,30,51,219
2024-03-06 01:00:00,36.8,55.0,49.0,0.16,4.0,1.0,3,29,55,200
2024-03-06 02:00:00,35.2,52.0,51.0,0.14,4.0,1.0,3,29,56,197
2024-03-06 03:00:00,31.0,45.0,43.0,0.14,3.0,1.0,3,28,66,203
2024-03-06 04:00:00,28.7,41.0,39.0,0.14,3.0,1.0,2,27,72,208
2024-03-06 05:00:00,32.2,46.0,37.0,0.12,5.0,1.0,1,26,73,220
2024-03-06 06:00:00,34.4,49.0,40.0,0.15,6.0,1.0,1,26,72,223
2024-03-06 07:00:00,42.1,61.0,37.0,0.18,9.0,1.0,1,27,67,252
2024-03-06 08:00:00,35.0,56.0,46.0,0.13,5.0,1.0,2,30,63,287
2024-03-06 09:00:00,32.5,56.0,60.0,0.12,4.0,1.0,2,32,52,286
2024-03-06 10:00:00,33.1,60.0,70.0,0.1,3.0,1.0,2,34,44,250
2024-03-06 11:00:00,31.6,52.0,80.0,0.11,3.0,1.0,2,36,33,275
2024-03-06 12:00:00,33.4,53.0,89.0,0.11,2.0,1.0,2,38,25,308
2024-03-06 13:00:00,33.6,55.0,89.0,0.11,2.0,1.0,2,39,22,241
2024-03-06 14:00:00,31.7,53.0,87.0,0.1,2.0,1.0,3,39,20,210
2024-03-06 15:00:00,32.8,52.0,86.0,0.1,2.0,1.0,3,40,18,208
2024-03-06 16:00:00,34.1,54.0,46.40104849279161,0.34007208387942334,3.677588466579292,0.44495412844036697,2,39,18,244
2024-03-06 17:00:00,35.5,55.0,86.0,0.15,3.0,1.0,1,38,20,217
2024-03-06 18:00:00,37.0,56.0,51.0,0.19,24.0,1.0,1,36,24,139
2024-03-06 19:00:00,41.3,62.0,67.0,0.18,13.0,1.0,1,35,25,166
2024-03-06 20:00:00,33.3,53.0,76.0,0.11,5.0,1.0,2,35,24,173
2024-03-06 21:00:00,33.9,54.0,74.0,0.11,3.0,1.0,3,34,26,188
2024-03-06 22:00:00,37.7,61.0,69.0,0.14,4.0,1.0,2,33,32,214
2024-03-06 23:00:00,44.2,67.0,66.0,0.17,4.0,1.0,2,32,35,210
2024-03-07 00:00:00,43.5,64.0,59.0,0.16,5.0,1.0,3,31,40,195
2024-03-07 01:00:00,42.1,63.0,69.0,0.15,4.0,1.0,3,31,43,207
2024-03-07 02:00:00,38.3,58.0,67.0,0.13,3.0,1.0,2,30,48,217
2024-03-07 03:00:00,37.7,56.0,59.0,0.13,4.0,1.0,1,30,52,224
2024-03-07 04:00:00,40.2,59.0,55.0,0.14,4.0,1.0,1,29,53,242
2024-03-07 05:00:00,44.8,63.0,45.0,0.15,8.0,1.0,1,28,55,207
2024-03-07 06:00:00,43.5,61.0,42.0,0.14,10.0,2.0,1,28,58,200
2024-03-07 07:00:00,44.3,64.0,45.0,0.16,7.0,1.0,2,29,57,177
2024-03-07 08:00:00,42.1,70.0,50.0,0.16,5.0,1.0,2,31,54,180
2024-03-07 09:00:00,31.2,49.0,53.0,0.1,3.0,1.0,2,33,47,275
2024-03-07 10:00:00,25.5,44.0,56.0,0.06,3.0,1.0,2,36,36,280
2024-03-07 11:00:00,26.4,43.0,66.0,0.08,3.0,1.0,2,38,32,283
2024-03-07 12:00:00,23.9,38.0,68.0,0.05,2.0,1.0,3,38,28,209
2024-03-07 13:00:00,25.2,51.0,71.0,0.05,2.0,1.0,2,39,27,207
2024-03-07 14:00:00,25.0,44.0,71.0,0.07,2.0,1.0,2,39,26,53
2024-03-07 15:00:00,22.8,38.0,46.40104849279161,0.34007208387942334,3.677588466579292,0.44495412844036697,3,39,24,191
2024-03-07 16:00:00,21.8,38.0,70.0,0.04,2.0,1.0,2,40,22,216
